step,loss,mig,sap,hsic,max_corr,quasi_ok
100,887.4452514648438,0.04784459749279248,0.0,0.051284849643707275,0.9999790787696838,False
200,967.3855590820312,0.07508866983558726,0.0,0.10361539572477341,0.9998040199279785,False
300,913.5719604492188,0.05221928104246938,0.0024999999999999996,0.11192785203456879,0.9996031522750854,False
400,872.8546142578125,0.055338830955129814,0.0,0.0919644683599472,0.9998239874839783,False
500,826.9464111328125,0.04945933990444098,0.0013157894736842088,0.11218035966157913,0.9995590448379517,False
600,894.8489990234375,0.049584459972459506,0.0013157894736842118,0.10790285468101501,0.9995256662368774,False
700,844.123779296875,0.032166350733181304,0.0012820512820512831,0.12039210647344589,0.9998829960823059,False
800,809.2191772460938,0.04123647040903473,0.0012500000000000011,0.12825225293636322,0.9997820854187012,False
900,854.5276489257812,0.037949606332999694,0.0,0.11449763178825378,0.9999340772628784,False
1000,845.2091064453125,0.054631670139720145,0.0024999999999999996,0.12581616640090942,0.9999173879623413,False
1100,885.6644287109375,0.06512625096519051,0.0026315789473684206,0.11954966932535172,0.9999082684516907,False
1200,925.87646484375,0.04471359521940007,0.0013157894736842088,0.14070367813110352,0.9999472498893738,False
1300,804.7437744140625,0.06126051013476963,0.0025641025641025637,0.1280590444803238,0.999938428401947,False
1400,759.4979858398438,0.0743499245342621,0.007894736842105265,0.126116544008255,0.9999387264251709,False
1500,709.2774047851562,0.06564214785139152,0.0025641025641025637,0.1496739536523819,0.9999369382858276,False
1600,852.3211669921875,0.050950510638096594,0.003846153846153841,0.13011711835861206,0.999940037727356,False
1700,907.2718505859375,0.04805992797041692,0.0038461538461538438,0.12279760092496872,0.9998992681503296,False
1800,821.1741943359375,0.03937246390469196,0.0,0.12752731144428253,0.9999294281005859,False
1900,746.3595581054688,0.040041150594200235,0.0012499999999999983,0.14738653600215912,0.9999532103538513,False
2000,839.463134765625,0.038606261233948724,0.0,0.13325423002243042,0.9999372959136963,False
2100,833.9422607421875,0.04168793271306844,0.0013157894736842088,0.14001990854740143,0.9998791217803955,False
2200,800.176025390625,0.03726482390667274,0.003947368421052633,0.14554892480373383,0.9998634457588196,False
2300,782.4730224609375,0.043825685381200775,0.003846153846153847,0.1385972797870636,0.9998038411140442,False
2400,747.768798828125,0.03952590920002597,0.007142857142857146,0.12688420712947845,0.9997311234474182,False
2500,878.7882690429688,0.07060081862334622,0.0,0.13089893758296967,0.9995815753936768,False
2600,729.5777587890625,0.03810100661928977,0.0,0.14140646159648895,0.9986913204193115,False
2700,682.3292236328125,0.039812090712114646,0.0012500000000000011,0.11666514724493027,0.9970917105674744,False
2800,689.95751953125,0.04252722769481743,0.0013513513513513525,0.12554298341274261,0.9957788586616516,False
2900,723.3744506835938,0.0448822854913928,0.007692307692307691,0.1165308803319931,0.9955771565437317,False
3000,605.3256225585938,0.037890907080615606,0.014102564102564105,0.11722412705421448,0.993317723274231,False
3100,723.2709350585938,0.037655940958872,0.0026315789473684236,0.13425065577030182,0.9954882264137268,False
3200,735.5801391601562,0.06027112842870661,0.0025641025641025663,0.09549906104803085,0.995500922203064,False
3300,658.757568359375,0.057918881094368595,0.0013157894736842088,0.0996408760547638,0.9920589923858643,False
3400,661.8662719726562,0.07699813101147147,0.0025641025641025637,0.10669007897377014,0.9903362989425659,False
3500,674.8463745117188,0.04832837466763342,0.011842105263157899,0.10852368921041489,0.990644633769989,False
3600,653.4228515625,0.06809887590329795,0.0,0.09559981524944305,0.9917163848876953,False
3700,722.23193359375,0.06520304527454056,0.0026315789473684236,0.10747984051704407,0.9879987835884094,False
3800,616.3599243164062,0.0538291145020443,0.007692307692307691,0.09407513588666916,0.9941877722740173,False
3900,614.216552734375,0.06377450176640838,0.0025641025641025637,0.09622356295585632,0.9888468980789185,False
4000,823.491943359375,0.06087257719004553,0.0013157894736842088,0.0955231785774231,0.9903146028518677,False
4100,620.4497680664062,0.060623423352687,0.005128205128205127,0.10032486170530319,0.9852921962738037,False
4200,657.0586547851562,0.05500067849061746,0.005128205128205127,0.09139738976955414,0.9870064854621887,False
4300,646.0457153320312,0.06419395520206925,0.0038461538461538438,0.09073896706104279,0.9863823652267456,False
4400,649.2988891601562,0.047813594525757376,0.0,0.09654673933982849,0.9629894495010376,False
4500,613.8601684570312,0.05005581921237859,0.0,0.09557049721479416,0.97968590259552,False
4600,621.3515625,0.05475806908910695,0.011111111111111108,0.10190922021865845,0.9494835138320923,False
4700,640.0921630859375,0.06614240751232758,0.00625,0.08623617887496948,0.9825937747955322,False
4800,639.10693359375,0.05565563935751636,0.0038461538461538438,0.09536390751600266,0.9564015865325928,False
4900,647.8511962890625,0.05913347928067575,0.0025641025641025637,0.092769093811512,0.9591406583786011,False
5000,617.9016723632812,0.06029012283923066,0.002702702702702702,0.10260125994682312,0.9665308594703674,False
5100,615.1600341796875,0.07451087325371801,0.0,0.09430791437625885,0.9910985231399536,False
5200,707.6069946289062,0.07858627032997814,0.007499999999999998,0.09572723507881165,0.961311936378479,False
5300,677.8150634765625,0.07358841662731896,0.0,0.08267926424741745,0.9463669061660767,False
5400,562.9503173828125,0.08048063677089841,0.0025641025641025637,0.1101779192686081,0.9366786479949951,False
5500,725.33544921875,0.06757735023410483,0.002702702702702702,0.0809248834848404,0.9987501502037048,False
5600,606.1392822265625,0.06340094641659746,0.005128205128205127,0.09520720690488815,0.9717575311660767,False
5700,668.462158203125,0.06804792136793002,0.0,0.09516286104917526,0.9429322481155396,False
5800,724.7476806640625,0.07999428668159643,0.0012820512820512831,0.08617471903562546,0.9490129947662354,False
5900,586.1337890625,0.058689757085099194,0.0025641025641025637,0.09269969165325165,0.991851806640625,False
6000,639.99951171875,0.051346281950492456,0.0012820512820512803,0.0959298387169838,0.9775327444076538,False
6100,672.1592407226562,0.07972755750564438,0.007499999999999995,0.08501099050045013,0.9476343989372253,False
6200,529.59619140625,0.0634796711151753,0.0013513513513513525,0.08734160661697388,0.9517068266868591,False
6300,638.9632568359375,0.0722589403665213,0.010810810810810808,0.07989749312400818,0.9363901615142822,False
6400,530.4624633789062,0.06205528512532675,0.0055555555555555575,0.08327682316303253,0.9827443361282349,False
6500,625.31103515625,0.0538941943822653,0.003947368421052633,0.09301504492759705,0.9498904943466187,False
6600,557.0806274414062,0.05598646381605863,0.0,0.08989168703556061,0.9690424203872681,False
6700,585.7759399414062,0.0386280075764857,0.009210526315789473,0.09222002327442169,0.9536031484603882,False
6800,627.7861328125,0.05092378764298317,0.002702702702702702,0.0996081754565239,0.9530932903289795,False
6900,672.288818359375,0.04794237174172319,0.007500000000000004,0.0837533101439476,0.9916137456893921,False
7000,638.927734375,0.07190104233615555,0.005128205128205127,0.08321277797222137,0.9715671539306641,False
7100,583.2514038085938,0.07475775217525986,0.0012820512820512831,0.09401218593120575,0.9545596837997437,False
7200,593.8845825195312,0.06477928916266508,0.0012820512820512831,0.08577080816030502,0.9336742162704468,False
7300,644.326904296875,0.07047994917914482,0.0038461538461538438,0.08008690923452377,0.9880128502845764,False
7400,669.1480102539062,0.0764045091157869,0.0025641025641025637,0.09912257641553879,0.9756313562393188,False
7500,622.6293334960938,0.07013397171615335,0.008974358974358974,0.08624812960624695,0.994125247001648,False
7600,590.2017822265625,0.0694938406937465,0.0025641025641025637,0.08800646662712097,0.9484567642211914,False
7700,631.0001220703125,0.07636945704490028,0.009210526315789473,0.08922240138053894,0.9925538897514343,False
7800,574.7156982421875,0.07156556955164517,0.003947368421052629,0.08589701354503632,0.9411665201187134,False
7900,659.1145629882812,0.057095592565334086,0.0012820512820512831,0.08076541125774384,0.9865983724594116,False
8000,606.3501586914062,0.05163752729132714,0.003947368421052633,0.08314135670661926,0.9826380014419556,False
8100,655.1838989257812,0.06821055065404849,0.008974358974358974,0.08454287052154541,0.9995951652526855,False
8200,560.8903198242188,0.07896703576766897,0.003846153846153847,0.09043000638484955,0.998626708984375,False
8300,615.3530883789062,0.0613350842829417,0.0013157894736842118,0.09110716730356216,0.9990224242210388,False
8400,634.5562744140625,0.06772932738181109,0.004054054054054054,0.08329642564058304,0.9841744899749756,False
8500,598.355712890625,0.04328301974106303,0.0012499999999999983,0.0868404284119606,0.9320679903030396,False
8600,554.8126831054688,0.0975317230909388,0.009459459459459462,0.08126022666692734,0.9929544925689697,False
8700,582.1257934570312,0.060593224790560764,0.0013157894736842088,0.08590634167194366,0.9576728343963623,False
8800,626.927734375,0.06607708368947308,0.0,0.07615633308887482,0.9543755650520325,False
8900,522.3553466796875,0.0790541265988054,0.005714285714285713,0.09757518023252487,0.9625982046127319,False
9000,626.9721069335938,0.06186047053126603,0.003947368421052635,0.08099130541086197,0.9571413993835449,False
9100,685.2575073242188,0.05888252716818407,0.007692307692307694,0.08514801412820816,0.9969677925109863,False
9200,584.2531127929688,0.06092274015421227,0.0012820512820512803,0.088768370449543,0.9731311798095703,False
9300,598.9713134765625,0.05034418993477754,0.005263157894736841,0.08599971234798431,0.9920000433921814,False
9400,644.2891845703125,0.06501972691252791,0.0,0.07825002074241638,0.9236083030700684,False
9500,550.2650756835938,0.07046849327420747,0.0013513513513513525,0.08105244487524033,0.992118239402771,False
9600,551.2303466796875,0.06999830879384136,0.00641025641025641,0.07743311673402786,0.9706264734268188,False
9700,621.9376220703125,0.05472149499066532,0.007352941176470588,0.08131642639636993,0.956368088722229,False
9800,574.5567626953125,0.08677264881658188,0.005128205128205127,0.08235333859920502,0.9942542314529419,False
9900,604.7022705078125,0.094899492403567,0.0,0.08625438064336777,0.9589414596557617,False
10000,540.1490478515625,0.048125988873541845,0.002702702702702705,0.08268523216247559,0.947575032711029,False
10100,611.5470581054688,0.07657228920295515,0.0037500000000000007,0.08091739565134048,0.9828667640686035,False
10200,562.5936279296875,0.07141911796784636,0.004999999999999999,0.08726097643375397,0.968824565410614,False
10300,551.074951171875,0.07455121587803434,0.0012820512820512803,0.09281348437070847,0.9537109136581421,False
10400,588.30859375,0.050094156991121776,0.014473684210526314,0.07671546936035156,0.9787652492523193,False
10500,580.7683715820312,0.061979054684410395,0.009210526315789473,0.08121126890182495,0.9949250221252441,False
10600,559.0509643554688,0.05663430878064446,0.009210526315789476,0.09388317167758942,0.9864459037780762,False
10700,553.9677124023438,0.0888834075670932,0.003846153846153847,0.08544588834047318,0.9804964065551758,False
10800,556.230224609375,0.05369058881258415,0.0012820512820512803,0.08774253726005554,0.9601113796234131,False
10900,607.305419921875,0.05387956165082832,0.0025000000000000022,0.08407365530729294,0.9994460940361023,False
11000,583.2028198242188,0.060646265927123945,0.0,0.08245924115180969,0.9797410368919373,False
11100,652.1329956054688,0.060566680380648164,0.0026315789473684206,0.0857187807559967,0.9887615442276001,False
11200,631.1287841796875,0.0728509967897515,0.0012820512820512831,0.07830291241407394,0.9690132737159729,False
11300,635.9874267578125,0.05025801473679318,0.0,0.09282861649990082,0.9738768339157104,False
11400,663.3229370117188,0.049310245816922504,0.007894736842105265,0.08059355616569519,0.9713870286941528,False
11500,623.3812866210938,0.049826501787074644,0.01891891891891892,0.07521271705627441,0.9652183651924133,False
11600,611.7572021484375,0.0761458954068182,0.003846153846153847,0.08381431549787521,0.9802884459495544,False
11700,562.8004760742188,0.041646834028453004,0.0025641025641025663,0.0748198851943016,0.9666380882263184,False
11800,577.4869995117188,0.0727011382365764,0.003846153846153847,0.07921668887138367,0.9827588200569153,False
11900,610.6675415039062,0.05080116313683888,0.0,0.07781139761209488,0.989608645439148,False
12000,544.0755004882812,0.06518768624473396,0.020512820512820513,0.08095789700746536,0.9767084717750549,False
12100,603.626220703125,0.07284399277351977,0.009210526315789468,0.0861365869641304,0.9832119345664978,False
12200,607.3908081054688,0.050524288751057314,0.0,0.0956636443734169,0.9903168678283691,False
12300,633.520263671875,0.07539707516740882,0.007692307692307696,0.0798482671380043,0.9697738289833069,False
12400,587.877685546875,0.059433345636839496,0.0026315789473684175,0.08319711685180664,0.9656662940979004,False
12500,593.70751953125,0.06938350252845084,0.004054054054054052,0.07536769658327103,0.9671728610992432,False
12600,615.827392578125,0.08744873228217719,0.0,0.08923767507076263,0.972783625125885,False
12700,586.2313232421875,0.07159735647454794,0.0,0.08696166425943375,0.9785898923873901,False
12800,612.9755859375,0.07300905016439625,0.0012500000000000011,0.07948736846446991,0.9815636873245239,False
12900,563.819580078125,0.07998230809856086,0.0051282051282051325,0.08078521490097046,0.9839320778846741,False
13000,617.606201171875,0.0981800967943397,0.0,0.08591077476739883,0.9816322326660156,False
13100,571.7776489257812,0.06278831678190079,0.0,0.07761699706315994,0.9795603156089783,False
13200,582.1415405273438,0.06340904701810142,0.0075000000000000015,0.07966326177120209,0.9886155128479004,False
13300,604.0479736328125,0.05975643166747052,0.015384615384615387,0.07431022077798843,0.9923029541969299,False
13400,544.845703125,0.06708399312145992,0.0012820512820512831,0.08348172158002853,0.9917111396789551,False
13500,596.0191650390625,0.05550407297550262,0.00512820512820513,0.08139929920434952,0.9875040054321289,False
13600,571.1212158203125,0.07088739427698343,0.0012820512820512803,0.07870761305093765,0.9872171878814697,False
13700,580.8096313476562,0.07139357639053562,0.013888888888888892,0.08132557570934296,0.9924322366714478,False
13800,628.061279296875,0.08754172048192892,0.006578947368421052,0.09098652005195618,0.9797170758247375,False
13900,557.3605346679688,0.04092168962248563,0.0,0.07545917481184006,0.988084077835083,False
14000,574.5938720703125,0.07536530192246989,0.007894736842105265,0.08806699514389038,0.9806193113327026,False
14100,550.3484497070312,0.0766858889563162,0.003846153846153847,0.08148301392793655,0.989506721496582,False
14200,607.3338012695312,0.066378828546244,0.0026315789473684236,0.07246251404285431,0.9891319274902344,False
14300,535.1241455078125,0.07948063627059014,0.010810810810810808,0.07661271095275879,0.9917884469032288,False
14400,553.8558959960938,0.06933750067814437,0.002702702702702705,0.0859844982624054,0.9845625162124634,False
14500,586.0786743164062,0.05320135559506701,0.002702702702702702,0.07903622835874557,0.9744100570678711,False
14600,609.9684448242188,0.09025493989542904,0.0012500000000000011,0.08327098190784454,0.9797052145004272,False
14700,603.4107055664062,0.06258773678582427,0.0012820512820512803,0.08319953083992004,0.9919805526733398,False
14800,641.5557861328125,0.05162496411832699,0.0013157894736842118,0.08063404262065887,0.9903649091720581,False
14900,588.9955444335938,0.049240477442184565,0.003947368421052629,0.08144247531890869,0.9847770929336548,False
15000,551.0309448242188,0.07952032160916588,0.01,0.07742325216531754,0.9814839363098145,False
15100,564.7207641601562,0.05804701400421597,0.00641025641025641,0.08112530410289764,0.9752491116523743,False
15200,545.271240234375,0.09281120663708632,0.02222222222222222,0.07783259451389313,0.9816503524780273,False
15300,576.714599609375,0.06322035337587872,0.003846153846153847,0.08592057228088379,0.9865237474441528,False
15400,619.8765869140625,0.07075380029705472,0.0026315789473684175,0.07707496732473373,0.9816575050354004,False
15500,560.1178588867188,0.06411911550460045,0.008974358974358974,0.08377280831336975,0.9958872199058533,False
15600,624.5938110351562,0.05528032935432786,0.005128205128205127,0.08225420117378235,0.993681788444519,False
15700,568.908447265625,0.06196508321471365,0.0025641025641025663,0.08340559154748917,0.9848400354385376,False
15800,603.6307983398438,0.05334969555927838,0.006756756756756757,0.0785917118191719,0.9972736239433289,False
15900,608.05322265625,0.06837326864913207,0.0038461538461538438,0.07953949272632599,0.9911234974861145,False
16000,502.9375,0.06511897827876258,0.0025641025641025637,0.0736224427819252,0.9854558706283569,False
16100,533.2626342773438,0.057012410927712795,0.006756756756756757,0.08675426244735718,0.9711968898773193,False
16200,547.2670288085938,0.059439237035075435,0.0012820512820512803,0.07934851944446564,0.9796638488769531,False
16300,556.3909301757812,0.06653112642395095,0.005263157894736841,0.08341670036315918,0.9875739812850952,False
16400,590.4389038085938,0.05883871752616812,0.005128205128205124,0.07891550660133362,0.9827192425727844,False
16500,588.9825439453125,0.04649633259481135,0.0012500000000000011,0.08550234884023666,0.9976032972335815,False
16600,584.49267578125,0.06026924598230081,0.0,0.07837886363267899,0.9664235711097717,False
16700,527.136962890625,0.05336079002055355,0.0,0.0752715915441513,0.9910770058631897,False
16800,627.1671142578125,0.057449193960576454,0.008823529411764704,0.09399648010730743,0.9798425436019897,False
16900,504.8246154785156,0.061510020462599756,0.0012820512820512803,0.08221124112606049,0.9566664695739746,False
17000,567.789794921875,0.041757653618857034,0.0013157894736842088,0.08203666657209396,0.9780749082565308,False
17100,543.64208984375,0.058411974576194556,0.0025641025641025637,0.08141890168190002,0.983664870262146,False
17200,624.9552612304688,0.0805267342906981,0.01805555555555556,0.0713876336812973,0.9955326914787292,False
17300,562.0809326171875,0.05644008156603432,0.006578947368421052,0.08119126409292221,0.9977394342422485,False
17400,565.2637329101562,0.07020720821326709,0.007894736842105265,0.0749744325876236,0.9717897772789001,False
17500,526.0839233398438,0.06411430955713057,0.0,0.07816954702138901,0.973410427570343,False
17600,596.3942260742188,0.07450271349989868,0.0024999999999999996,0.08187636733055115,0.9820938110351562,False
17700,534.3348388671875,0.05986222106536311,0.0013157894736842118,0.0815877839922905,0.9914023876190186,False
17800,534.3932495117188,0.07900754366324293,0.0,0.07667374610900879,0.9830536842346191,False
17900,542.6866455078125,0.05923073091852029,0.0075000000000000015,0.07437866926193237,0.9931640625,False
18000,564.0291748046875,0.06182285319002728,0.010526315789473682,0.07341457903385162,0.9842580556869507,False
18100,610.204833984375,0.05109364263133469,0.0012820512820512803,0.07451985031366348,0.9942308664321899,False
18200,624.561279296875,0.08334044317324446,0.004999999999999999,0.07333812117576599,0.9945405125617981,False
18300,492.7254638671875,0.06116366952361558,0.0,0.07449209690093994,0.9948656558990479,False
18400,576.5430297851562,0.05710898566169925,0.0,0.07429449260234833,0.9981727600097656,False
18500,623.8406982421875,0.05043274940687327,0.0012820512820512831,0.0750129371881485,0.9852177500724792,False
18600,542.885986328125,0.045287523162158325,0.0,0.07477501034736633,0.9806619882583618,False
18700,643.9814453125,0.058989102215871336,0.007692307692307694,0.08621319383382797,0.9908400177955627,False
18800,567.8206176757812,0.058286305384615905,0.0054054054054054074,0.06993032991886139,0.9753687381744385,False
18900,563.67138671875,0.05970980868157396,0.0013157894736842118,0.07828810065984726,0.9697244167327881,False
19000,585.226806640625,0.04879949499462237,0.0,0.07092009484767914,0.9920670390129089,False
19100,524.1688842773438,0.040619649119649506,0.02236842105263158,0.08317498862743378,0.9860236644744873,False
19200,594.0709228515625,0.06634766870102426,0.006249999999999997,0.07760125398635864,0.9970903992652893,False
19300,558.8005981445312,0.06553783848462122,0.003947368421052633,0.0747801885008812,0.9527437686920166,False
19400,632.4202270507812,0.059766657022743135,0.004054054054054052,0.07117322832345963,0.9889953136444092,False
19500,645.501708984375,0.05678030464575977,0.003846153846153847,0.08322637528181076,0.976753830909729,False
19600,569.8145751953125,0.03843253946077571,0.004054054054054054,0.08066648989915848,0.9755362868309021,False
19700,575.9050903320312,0.06692525162447611,0.0,0.08667613565921783,0.9729878306388855,False
19800,633.2529907226562,0.06527105956469469,0.0055555555555555575,0.07460182160139084,0.9859813451766968,False
19900,605.8225708007812,0.05864405634058864,0.0,0.08978566527366638,0.9755003452301025,False
20000,596.2817993164062,0.054005497769823996,0.0,0.07543887197971344,0.9812768697738647,False
20100,618.0393676757812,0.048523520315714164,0.002777777777777777,0.0729648619890213,0.9854894280433655,False
20200,546.3096923828125,0.050768963568126595,0.00138888888888889,0.07660903036594391,0.9958964586257935,False
20300,513.478759765625,0.056434408111933725,0.0,0.07268226146697998,0.9676005840301514,False
20400,585.7552490234375,0.06795067179171671,0.0051282051282051325,0.0747918114066124,0.9655577540397644,False
20500,532.1644897460938,0.04019631612111194,0.006578947368421052,0.08171533048152924,0.9868834614753723,False
20600,573.517578125,0.059174543036066084,0.003846153846153847,0.06444600224494934,0.9916124939918518,False
20700,564.390869140625,0.05837585597918872,0.008108108108108107,0.07157247513532639,0.9887669086456299,False
20800,544.6832275390625,0.03945868849244399,0.0026315789473684175,0.07817832380533218,0.9828050136566162,False
20900,583.7418212890625,0.04843700208683641,0.0038461538461538438,0.08684474229812622,0.9795393943786621,False
21000,642.7371215820312,0.07222627227091649,0.006410256410256407,0.07232917100191116,0.9846435785293579,False
21100,557.3783569335938,0.0677297718000614,0.00512820512820513,0.07630624622106552,0.983052134513855,False
21200,535.9444580078125,0.07327776998570212,0.00641025641025641,0.0870705172419548,0.9750522375106812,False
21300,601.1500854492188,0.05936232521428494,0.0013157894736842088,0.065671905875206,0.9833619594573975,False
21400,585.8612670898438,0.04028663888468324,0.0,0.07204726338386536,0.9879013895988464,False
21500,550.2990112304688,0.04827879639238332,0.01,0.08163222670555115,0.9776203036308289,False
21600,592.5421142578125,0.04698588409444083,0.0075000000000000015,0.07944769412279129,0.9990615844726562,False
21700,531.701904296875,0.05456669310980379,0.00641025641025641,0.075493223965168,0.9696471691131592,False
21800,568.5457153320312,0.06496224972608051,0.0,0.08608552068471909,0.9556574821472168,False
21900,530.9093017578125,0.061898767153153234,0.0012820512820512831,0.07298548519611359,0.9898948073387146,False
22000,548.889404296875,0.058491666881651555,0.0012820512820512803,0.07370085269212723,0.9793751835823059,False
22100,581.3320922851562,0.0716866589334952,0.0025641025641025663,0.07771444320678711,0.9684290885925293,False
22200,580.5145874023438,0.051436768370781295,0.005263157894736838,0.07919806241989136,0.9629526734352112,False
22300,551.1189575195312,0.08065932671585843,0.0025641025641025637,0.0758945420384407,0.9918286800384521,False
22400,574.7621459960938,0.06004431397280313,0.00657894736842105,0.07009029388427734,0.9935814142227173,False
22500,630.0880737304688,0.05079116018020823,0.00138888888888889,0.07247746735811234,0.9851481914520264,False
22600,557.775634765625,0.06537784912236928,0.0025000000000000022,0.07135122269392014,0.9853534698486328,False
22700,623.9107666015625,0.060791263543757676,0.0064102564102564135,0.07720369100570679,0.9769550561904907,False
22800,569.4041748046875,0.0541601885681746,0.0,0.07235371321439743,0.993294358253479,False
22900,586.4931030273438,0.06664180094152661,0.007894736842105262,0.07595361024141312,0.9814654588699341,False
23000,545.4185791015625,0.06043306547408374,0.004054054054054054,0.06405167281627655,0.9937577247619629,False
23100,572.0067138671875,0.07424301612647011,0.0013157894736842118,0.07944203168153763,0.973752498626709,False
23200,528.734619140625,0.045504919601396555,0.006944444444444444,0.06975777447223663,0.9899963140487671,False
23300,500.0927429199219,0.06377650963811701,0.0012499999999999983,0.06748746335506439,0.988209068775177,False
23400,554.5531005859375,0.04320201635968547,0.009722222222222222,0.07065081596374512,0.9838693141937256,False
23500,664.9857177734375,0.06023604856711374,0.014285714285714285,0.08382967859506607,0.983302652835846,False
23600,611.3375854492188,0.07975247740092953,0.005263157894736844,0.07980122417211533,0.9674655199050903,False
23700,555.9241943359375,0.060156377284604615,0.0,0.06996817886829376,0.9718810319900513,False
23800,618.166259765625,0.04123509387736123,0.004054054054054058,0.07376574724912643,0.976974606513977,False
23900,618.026611328125,0.07010950371648135,0.003846153846153847,0.07113374024629593,0.9931050539016724,False
24000,555.1246337890625,0.0508718523284978,0.0013157894736842088,0.06868211925029755,0.9786480665206909,False
24100,563.3348388671875,0.07251440120769838,0.005405405405405404,0.07282865047454834,0.9720472097396851,False
24200,549.8787841796875,0.045856733191260254,0.006944444444444451,0.08176279813051224,0.9816062450408936,False
24300,542.42041015625,0.06867021184322167,0.007692307692307691,0.08065716922283173,0.9888221621513367,False
24400,569.1586303710938,0.03991458935849124,0.005263157894736844,0.07706458866596222,0.9849263429641724,False
24500,563.7020263671875,0.050439561022790604,0.0012820512820512831,0.07010252773761749,0.9948561191558838,False
24600,540.349365234375,0.050457581556782434,0.0013513513513513525,0.07043923437595367,0.9876446723937988,False
24700,600.0177612304688,0.06863545343985437,0.017105263157894738,0.06685813516378403,0.9794464707374573,False
24800,514.5277709960938,0.08294177299460878,0.013157894736842108,0.0712670385837555,0.9852415919303894,False
24900,576.6300048828125,0.04231747272787872,0.0024999999999999996,0.06683557480573654,0.9812216758728027,False
25000,564.4721069335938,0.05260214898263484,0.0,0.06662323325872421,0.9919376373291016,False
25100,597.2265014648438,0.053038827735153046,0.0,0.0669892430305481,0.9811111688613892,False
25200,553.2794189453125,0.05467147358503958,0.0024999999999999996,0.07598008215427399,0.9945737719535828,False
25300,595.201416015625,0.039638794115459466,0.010000000000000004,0.07428234070539474,0.9959602355957031,False
25400,521.2303466796875,0.05130105497972263,0.013750000000000002,0.09196643531322479,0.9873930215835571,False
25500,622.327392578125,0.06116918708296568,0.010526315789473684,0.06406505405902863,0.992652416229248,False
25600,580.1754760742188,0.05081441086304741,0.004166666666666664,0.07026578485965729,0.9817080497741699,False
25700,533.1514892578125,0.051381986225104224,0.011428571428571429,0.07724367827177048,0.9883907437324524,False
25800,547.445556640625,0.08107434263126317,0.007692307692307691,0.06681665778160095,0.9783031940460205,False
25900,561.3262329101562,0.09482445079149437,0.0025641025641025663,0.08100306242704391,0.9771097898483276,False
26000,581.7556762695312,0.06747714319274746,0.0024999999999999996,0.07438995689153671,0.9580656290054321,False
26100,646.7029418945312,0.04272491385141975,0.01842105263157895,0.08223637193441391,0.978948712348938,False
26200,549.7376708984375,0.05621268390461163,0.0,0.07036388665437698,0.9854888319969177,False
26300,605.8778076171875,0.0633763027398762,0.0012499999999999983,0.07266943156719208,0.9710949659347534,False
26400,574.1153564453125,0.09721683449273444,0.0024999999999999996,0.07976251095533371,0.9649666547775269,False
26500,590.0914916992188,0.05366592053175641,0.002702702702702702,0.07142879068851471,0.9852510690689087,False
26600,556.7318115234375,0.05595030587521773,0.0013157894736842118,0.06420839577913284,0.988449215888977,False
26700,598.7638549804688,0.06449948338514158,0.0064102564102564135,0.07108774781227112,0.9700661897659302,False
26800,576.0082397460938,0.08316776493606734,0.0075000000000000015,0.07577881962060928,0.9944362640380859,False
26900,605.27685546875,0.06064547472725231,0.0025641025641025663,0.06995555013418198,0.9931069612503052,False
27000,553.3597412109375,0.04970854984391498,0.008823529411764707,0.07088793069124222,0.9683709144592285,False
27100,576.4898071289062,0.049292690210617995,0.008974358974358977,0.06389336287975311,0.9863312840461731,False
27200,543.769775390625,0.06268001979275539,0.0013157894736842118,0.06728049367666245,0.9936237335205078,False
27300,583.2965698242188,0.05803462603191249,0.01,0.07285657525062561,0.978935956954956,False
27400,584.225830078125,0.055646764924843696,0.008108108108108109,0.07081930339336395,0.9886264801025391,False
27500,539.0599365234375,0.07143066764778598,0.004999999999999999,0.06480822712182999,0.987130880355835,False
27600,548.9010009765625,0.03831265300263759,0.009722222222222222,0.061459098011255264,0.9835073947906494,False
27700,649.2772827148438,0.0564283276957724,0.0012820512820512831,0.06993051618337631,0.9940851330757141,False
27800,538.6596069335938,0.07947550862839783,0.0037500000000000007,0.07148098200559616,0.9807899594306946,False
27900,546.2293701171875,0.05178748073507368,0.0013157894736842118,0.08122337609529495,0.9792842864990234,False
28000,554.95263671875,0.07859443009094595,0.010256410256410255,0.07635375112295151,0.9796258211135864,False
28100,559.21875,0.0726499049593011,0.0,0.06071446090936661,0.9854971170425415,False
28200,564.4305419921875,0.057871019888778276,0.010256410256410256,0.07243135571479797,0.9949644207954407,False
28300,631.5609130859375,0.05656891762939427,0.00416666666666667,0.0761379525065422,0.9928134679794312,False
28400,573.5648193359375,0.06960529333616748,0.0055555555555555575,0.07320105284452438,0.9825422763824463,False
28500,573.104736328125,0.06359167327633873,0.0012499999999999983,0.0757148414850235,0.9689798951148987,False
28600,546.5745239257812,0.07946818080266535,0.0037500000000000007,0.08681321889162064,0.9586715698242188,False
28700,566.5975952148438,0.06141694396160581,0.0025641025641025637,0.07005061954259872,0.976132333278656,False
28800,586.1903076171875,0.048285794066057326,0.0014285714285714299,0.07513432204723358,0.9731642603874207,False
28900,542.0396118164062,0.0520616138683395,0.001470588235294119,0.06793797761201859,0.9848319292068481,False
29000,491.2652893066406,0.0687419865994416,0.008749999999999999,0.05988800898194313,0.9772095084190369,False
29100,554.2716674804688,0.07588055790367529,0.0012500000000000011,0.07256319373846054,0.9803143739700317,False
29200,577.6460571289062,0.07073823495056154,0.0013157894736842088,0.0679769441485405,0.9938887357711792,False
29300,531.3314819335938,0.06698779733101003,0.003846153846153847,0.06663505733013153,0.9259932637214661,False
29400,628.3856201171875,0.05739294654420821,0.003846153846153847,0.07414443045854568,0.9937830567359924,False
29500,538.7501220703125,0.0351684312577346,0.003846153846153847,0.07643450051546097,0.9882705807685852,False
29600,580.8919677734375,0.0520544758573009,0.0125,0.07378596812486649,0.9636139869689941,False
29700,608.1870727539062,0.045381363057325284,0.00512820512820513,0.06410478800535202,0.9496579170227051,False
29800,595.1549682617188,0.06492540771720223,0.00512820512820513,0.06942302733659744,0.9473569393157959,False
29900,550.2063598632812,0.08592532466854083,0.0012820512820512831,0.08104914426803589,0.957148015499115,False
30000,532.877197265625,0.07210849393993368,0.004054054054054054,0.06330947577953339,0.9930539131164551,False
30100,574.4193725585938,0.05155701696054107,0.02820512820512821,0.0693131759762764,0.9827448129653931,False
30200,559.528564453125,0.05953241894168222,0.0024999999999999996,0.07462432980537415,0.9804050326347351,False
30300,580.4276733398438,0.056560472245246296,0.0012820512820512803,0.07832976430654526,0.9825881123542786,False
30400,550.7091064453125,0.059877076355720774,0.009999999999999995,0.07877347618341446,0.988705039024353,False
30500,524.8960571289062,0.07957382931497696,0.017105263157894738,0.07070598751306534,0.9896261096000671,False
30600,550.9576416015625,0.05796769779971704,0.0012820512820512803,0.06935916095972061,0.962589681148529,False
30700,500.026611328125,0.04750243541626546,0.0026315789473684206,0.07362888008356094,0.9823307394981384,False
30800,564.9188232421875,0.05786424848846602,0.0,0.06848710030317307,0.9724973440170288,False
30900,625.78515625,0.07225815646822364,0.0025641025641025637,0.06695374846458435,0.9940979480743408,False
31000,564.9788818359375,0.047221056222267896,0.0012820512820512831,0.0774543434381485,0.9806923270225525,False
31100,515.3856201171875,0.06856432391555076,0.011538461538461537,0.07264824211597443,0.97629314661026,False
31200,556.7230834960938,0.0613811171690135,0.0025641025641025663,0.06071879342198372,0.970163881778717,False
31300,573.4137573242188,0.0542417066739719,0.007894736842105262,0.0722791776061058,0.9610639214515686,False
31400,555.82177734375,0.057071847035700944,0.003947368421052633,0.07054992765188217,0.9668670296669006,False
31500,572.3927001953125,0.07228032406748987,0.0,0.07288157194852829,0.9778386354446411,False
31600,546.4898071289062,0.04616063131249659,0.0,0.05845336616039276,0.9914916157722473,False
31700,539.151123046875,0.06290576801808957,0.0,0.07587597519159317,0.9723718762397766,False
31800,588.0283203125,0.06928666329936552,0.010256410256410255,0.07705546915531158,0.9805340766906738,False
31900,562.638427734375,0.04890918414358742,0.0025641025641025606,0.07955343276262283,0.9839394092559814,False
32000,564.0275268554688,0.04819529268665574,0.003846153846153847,0.0745932087302208,0.9684433937072754,False
32100,530.0962524414062,0.051223284856259724,0.0013157894736842118,0.0717119574546814,0.992652177810669,False
32200,555.9221801757812,0.05754504841213124,0.0012820512820512831,0.07523790001869202,0.9796725511550903,False
32300,652.7662963867188,0.058746035558469224,0.00138888888888889,0.07379235327243805,0.9493390321731567,False
32400,573.375244140625,0.0575608538722415,0.0051282051282051325,0.06526234745979309,0.9899200201034546,False
32500,570.0975341796875,0.05282569678642451,0.0026315789473684206,0.05937343090772629,0.9861053228378296,False
32600,503.2781982421875,0.04959225536187693,0.003947368421052633,0.06679750233888626,0.9692333340644836,False
32700,493.55499267578125,0.043278705480081316,0.0013157894736842118,0.07122407853603363,0.9624340534210205,False
32800,527.1880493164062,0.04910429931830318,0.008749999999999999,0.0644218921661377,0.9880443215370178,False
32900,486.1988220214844,0.057510692944482224,0.006944444444444444,0.07659126818180084,0.9742778539657593,False
33000,536.7919921875,0.05850203641486864,0.005263157894736844,0.07667786628007889,0.9639291763305664,False
33100,570.4686889648438,0.06945255030301888,0.006578947368421052,0.07157828658819199,0.9521757364273071,False
33200,515.2392578125,0.05946165727104891,0.0026315789473684206,0.06350136548280716,0.9615368247032166,False
33300,576.205810546875,0.05071201735076093,0.00675675675675676,0.06589647382497787,0.9693939685821533,False
33400,542.957275390625,0.054231321979210295,0.006578947368421056,0.058790192008018494,0.9856335520744324,False
33500,563.3389892578125,0.0775251223025643,0.012820512820512824,0.06716375052928925,0.9632854461669922,False
33600,584.3505249023438,0.0493157224540769,0.006756756756756754,0.07821977138519287,0.9765421152114868,False
33700,558.88232421875,0.05585947307031182,0.009722222222222228,0.06090598553419113,0.9978097677230835,False
33800,612.882080078125,0.06402923392495564,0.0013157894736842118,0.05936116725206375,0.9919437170028687,False
33900,573.7486572265625,0.057776394730272795,0.0013157894736842118,0.06533890217542648,0.9939204454421997,False
34000,570.2232055664062,0.076219110987467,0.0025641025641025663,0.08199319988489151,0.9938676357269287,False
34100,595.0335083007812,0.07738181900003556,0.002702702702702705,0.07179318368434906,0.9825142621994019,False
34200,597.0064697265625,0.06141060418411656,0.008333333333333335,0.07067389786243439,0.9898846745491028,False
34300,585.5011596679688,0.06934690098483173,0.018571428571428572,0.06330689787864685,0.9899699687957764,False
34400,566.2896118164062,0.055444464218728375,0.03333333333333334,0.05901018902659416,0.9694780707359314,False
34500,575.8511962890625,0.049467470086427594,0.0038461538461538438,0.06344545632600784,0.9747791290283203,False
34600,501.75457763671875,0.05027597740902281,0.0,0.07103845477104187,0.969426691532135,False
34700,518.3104248046875,0.08400696438078938,0.0,0.06750892102718353,0.9936932325363159,False
34800,619.7772216796875,0.06275086208475884,0.00138888888888889,0.06466200947761536,0.9857969880104065,False
34900,543.4339599609375,0.06261355145427568,0.003846153846153847,0.06979195773601532,0.9767836332321167,False
35000,560.3171997070312,0.061075541992296346,0.005128205128205127,0.07091139256954193,0.9869829416275024,False
35100,538.7583618164062,0.06370445572655001,0.0,0.06610673666000366,0.9808431267738342,False
35200,505.50634765625,0.0513275149920304,0.0,0.06606249511241913,0.9705405235290527,False
35300,589.2626953125,0.037788810790578976,0.0,0.06752164661884308,0.9927438497543335,False
35400,590.578369140625,0.04975101230614845,0.009210526315789473,0.06946154683828354,0.9820738434791565,False
35500,576.94580078125,0.05809581824186932,0.0,0.0624837726354599,0.9745937585830688,False
35600,542.7146606445312,0.05305620206015354,0.0025641025641025663,0.06267674267292023,0.9741240739822388,False
35700,567.9570922851562,0.0541065720483058,0.0,0.0689801350235939,0.9889763593673706,False
35800,632.6128540039062,0.04914823789002683,0.0037500000000000007,0.07084354758262634,0.9906293153762817,False
35900,596.1011352539062,0.04580733778180329,0.0026315789473684206,0.06997050344944,0.9928353428840637,False
36000,605.92578125,0.05933704303537384,0.0,0.06971374899148941,0.9791100025177002,False
36100,545.0152587890625,0.05735693220733253,0.0013157894736842088,0.06095372512936592,0.9738274812698364,False
36200,622.7808227539062,0.06621104647154473,0.0026315789473684206,0.058445949107408524,0.9764336943626404,False
36300,572.6331176757812,0.057916210656686784,0.0025641025641025663,0.06175249442458153,0.9692215919494629,False
36400,559.8189697265625,0.06892244954209029,0.007894736842105262,0.06726961582899094,0.9813272953033447,False
36500,649.38134765625,0.0650584281656002,0.005714285714285716,0.06759689003229141,0.9922397136688232,False
36600,584.7623901367188,0.04072323219993236,0.005128205128205127,0.06867013871669769,0.9864636659622192,False
36700,577.7101440429688,0.04161431484440757,0.0013157894736842118,0.07259492576122284,0.9857016205787659,False
36800,546.2816772460938,0.04258818967608951,0.0013513513513513495,0.07324980944395065,0.9934908747673035,False
36900,539.4681396484375,0.042634192470281156,0.0013157894736842118,0.06553224474191666,0.9892618060112,False
37000,517.5101318359375,0.08597012819476271,0.0013157894736842088,0.07282213866710663,0.9846513271331787,False
37100,572.88134765625,0.056978433251869826,0.004166666666666664,0.06470268964767456,0.9859778881072998,False
37200,558.705078125,0.05065900929926552,0.01282051282051282,0.06396307796239853,0.9913038611412048,False
37300,659.4595336914062,0.04720497100005608,0.008333333333333335,0.06171296164393425,0.9972833395004272,False
37400,611.8477783203125,0.03348145647473658,0.005128205128205127,0.05574187636375427,0.9794172048568726,False
37500,555.671630859375,0.07376025097484877,0.01,0.0698321983218193,0.9776988625526428,False
37600,542.273193359375,0.05924992129452877,0.0055555555555555575,0.060763053596019745,0.9875470399856567,False
37700,600.537109375,0.057984165364975165,0.002702702702702702,0.07884898781776428,0.9770452380180359,False
37800,583.44775390625,0.08089782392397825,0.004054054054054052,0.06146211177110672,0.990597128868103,False
37900,582.0639038085938,0.05993304015735962,0.014102564102564101,0.0604482926428318,0.9862440824508667,False
38000,632.9386596679688,0.06095732247827621,0.002702702702702702,0.06127893179655075,0.9700794816017151,False
38100,532.3731689453125,0.04883551851204561,0.016666666666666666,0.0816730409860611,0.9877591133117676,False
38200,631.4343872070312,0.06384577028120979,0.0025641025641025637,0.061404839158058167,0.9805274605751038,False
38300,546.6995849609375,0.06245189236767456,0.0013513513513513525,0.059942469000816345,0.9849852323532104,False
38400,557.2923583984375,0.06559224163971186,0.0025641025641025637,0.06815243512392044,0.9864914417266846,False
38500,553.0579833984375,0.08184988709666625,0.0,0.0686182901263237,0.9882021546363831,False
38600,561.4005126953125,0.05082899146679412,0.002777777777777774,0.060614749789237976,0.9913837909698486,False
38700,612.2910766601562,0.05693240436263782,0.006944444444444444,0.06140245497226715,0.9933174848556519,False
38800,704.451416015625,0.0613634047122511,0.004285714285714286,0.05789516121149063,0.9980157613754272,False
38900,581.7651977539062,0.07778224873842318,0.0055555555555555575,0.06278139352798462,0.9926745295524597,False
39000,572.8764038085938,0.05575132750950081,0.01153846153846154,0.05830429866909981,0.9818411469459534,False
39100,557.3484497070312,0.04433190547722736,0.0012820512820512831,0.0661853477358818,0.9825922250747681,False
39200,564.0746459960938,0.05078487143132619,0.0025641025641025637,0.07303628325462341,0.9803211688995361,False
39300,541.8287353515625,0.07729118284682443,0.003846153846153847,0.06638320535421371,0.990098774433136,False
39400,618.0596923828125,0.06841794864932207,0.01,0.0674615427851677,0.9828317165374756,False
39500,703.4407958984375,0.0497639733538394,0.006578947368421052,0.05652198940515518,0.9739362597465515,False
39600,512.92724609375,0.04479468485638187,0.008974358974358979,0.06415092200040817,0.9887635111808777,False
39700,513.4119873046875,0.05839544568115833,0.0013157894736842118,0.06885148584842682,0.9837504625320435,False
39800,537.2780151367188,0.05819156787692674,0.002702702702702702,0.05872967839241028,0.983126163482666,False
39900,514.9382934570312,0.07023565801549768,0.003947368421052633,0.06027951464056969,0.9924848079681396,False
40000,540.2227172851562,0.05844148654115427,0.00657894736842105,0.06523004919290543,0.9837998747825623,False
40100,519.45361328125,0.07314958377477578,0.010256410256410255,0.07054351270198822,0.9884456396102905,False
40200,568.53125,0.0502249497096134,0.015,0.05782916024327278,0.978398323059082,False
40300,620.9898681640625,0.06802004145444278,0.0,0.059419237077236176,0.9896583557128906,False
40400,588.3336791992188,0.06064087378795391,0.005128205128205127,0.06081225350499153,0.9686728715896606,False
40500,503.38543701171875,0.07753348457257998,0.010526315789473684,0.06543240696191788,0.9564155340194702,False
40600,555.9190673828125,0.052051467791660436,0.006250000000000003,0.06017468497157097,0.9755117893218994,False
40700,642.0220947265625,0.0587972153679721,0.0025641025641025637,0.053244080394506454,0.9748668670654297,False
40800,568.7481689453125,0.05714513334161643,0.00512820512820513,0.07462653517723083,0.9786578416824341,False
40900,520.7962036132812,0.05623923491244303,0.004054054054054054,0.07210274040699005,0.9639495015144348,False
41000,532.194580078125,0.09068813362843181,0.004054054054054054,0.0651499330997467,0.9932487607002258,False
41100,626.4059448242188,0.06126182892746922,0.0,0.05209885910153389,0.986656665802002,False
41200,626.1658935546875,0.06182342679510168,0.007692307692307694,0.06058826297521591,0.9729848504066467,False
41300,658.2680053710938,0.05807506325000632,0.0025000000000000022,0.06909257173538208,0.9802083969116211,False
41400,645.063232421875,0.0452158399213147,0.00625,0.06137989088892937,0.9930770993232727,False
41500,517.456787109375,0.0432533930281644,0.0013513513513513525,0.066441610455513,0.9837135672569275,False
41600,569.68798828125,0.04688277558944654,0.0,0.05889037251472473,0.9961218237876892,False
41700,561.5645141601562,0.06931109243258526,0.0026315789473684206,0.06496928632259369,0.9784277677536011,False
41800,525.7794189453125,0.049272314268832114,0.0025641025641025663,0.05491165816783905,0.97808837890625,False
41900,545.8946533203125,0.06375878965519283,0.0037500000000000007,0.07200561463832855,0.9745686650276184,False
42000,578.6731567382812,0.06536460642743312,0.005128205128205127,0.07424391061067581,0.9888198375701904,False
42100,573.6915283203125,0.06642570526776076,0.005263157894736841,0.06127987802028656,0.9926277995109558,False
42200,598.1392211914062,0.07422189323569099,0.0025641025641025663,0.06713319569826126,0.9923399686813354,False
42300,561.0284423828125,0.06540082984318116,0.0,0.06521303206682205,0.9824709892272949,False
42400,705.0498046875,0.06186795922760227,0.002777777777777777,0.059386104345321655,0.9934514760971069,False
42500,602.6278076171875,0.07649275329136598,0.0175,0.06176780164241791,0.9572608470916748,False
42600,590.4324951171875,0.09397824407307505,0.0,0.06216110661625862,0.9726120233535767,False
42700,549.2387084960938,0.06110031728585581,0.0,0.054506003856658936,0.9862587451934814,False
42800,529.4931030273438,0.03821088296911207,0.0,0.06709037721157074,0.9603927731513977,False
42900,591.2266845703125,0.046601261012371074,0.0013157894736842118,0.05712752044200897,0.9797853231430054,False
43000,504.4518737792969,0.04774171783491187,0.008749999999999997,0.05522052198648453,0.9907094240188599,False
43100,481.15106201171875,0.04381897944578633,0.0013157894736842088,0.06229373812675476,0.9790014028549194,False
43200,507.671875,0.08195423604670496,0.00512820512820513,0.05973508208990097,0.9804840683937073,False
43300,552.0284423828125,0.04976904430104645,0.002777777777777777,0.06756427884101868,0.9909652471542358,False
43400,601.6674194335938,0.056111594488680264,0.0025641025641025606,0.058500900864601135,0.9919030666351318,False
43500,549.6031494140625,0.04769875605223285,0.007692307692307694,0.06402826309204102,0.9913803339004517,False
43600,592.1656494140625,0.06019255414479371,0.007499999999999995,0.04974466934800148,0.9860645532608032,False
43700,576.23388671875,0.05835741866575867,0.00657894736842105,0.06307311356067657,0.9755954742431641,False
43800,524.1661987304688,0.06279903987990548,0.0,0.06369297206401825,0.9913445115089417,False
43900,597.8985595703125,0.05888350564361566,0.0026315789473684206,0.058918751776218414,0.977965235710144,False
44000,540.9921875,0.028482364348026888,0.005405405405405404,0.06594473868608475,0.9586347937583923,False
44100,508.0270080566406,0.04615344433932594,0.0013157894736842118,0.06190679222345352,0.9769673347473145,False
44200,532.217529296875,0.06382762834069652,0.0012820512820512803,0.057955302298069,0.99123215675354,False
44300,574.8069458007812,0.051774999154181524,0.003947368421052633,0.06122082471847534,0.9738633632659912,False
44400,504.7351989746094,0.060187602562100255,0.0,0.06027946248650551,0.9782485365867615,False
44500,571.7262573242188,0.08833491903546327,0.010526315789473684,0.057848215103149414,0.994479238986969,False
44600,628.7218017578125,0.060971125646317646,0.006944444444444444,0.05273311957716942,0.9859830737113953,False
44700,596.6395874023438,0.04601404907023807,0.0,0.06449906527996063,0.967039942741394,False
44800,650.7632446289062,0.06270274319880169,0.0,0.05479342117905617,0.9855762124061584,False
44900,493.1860046386719,0.06340800783614423,0.004999999999999999,0.054235514253377914,0.9849791526794434,False
45000,540.5553588867188,0.056872001641053424,0.004285714285714283,0.06288860738277435,0.962935209274292,False
45100,509.0716552734375,0.04917534284849884,0.008974358974358974,0.060204241424798965,0.9881547689437866,False
45200,505.8597717285156,0.05070024771225934,0.0025641025641025637,0.05809973552823067,0.9677075147628784,False
45300,519.8683471679688,0.050999198917804446,0.002702702702702702,0.06453172862529755,0.9857267141342163,False
45400,577.0537719726562,0.06285327664172949,0.0,0.06697899103164673,0.984288215637207,False
45500,498.9393310546875,0.0538162687224901,0.005000000000000002,0.06436612457036972,0.9605373740196228,False
45600,543.9387817382812,0.05349604238881307,0.0,0.0554654486477375,0.9880898594856262,False
45700,568.6804809570312,0.05127485983363245,0.0012820512820512831,0.06272473931312561,0.9843156933784485,False
45800,546.3159790039062,0.06309459432280466,0.005263157894736844,0.056753382086753845,0.9790233969688416,False
45900,646.0684814453125,0.07394020490971553,0.0,0.05645344778895378,0.9896787405014038,False
46000,631.690673828125,0.05204277543094733,0.00625,0.06282179057598114,0.9862669110298157,False
46100,518.9107666015625,0.05674841441464132,0.0,0.06150495633482933,0.9764144420623779,False
46200,541.4830322265625,0.06725076377475794,0.0025000000000000022,0.057734400033950806,0.9894434213638306,False
46300,576.4666748046875,0.06515372589197246,0.006250000000000003,0.060231536626815796,0.9794079065322876,False
46400,724.8351440429688,0.05542084158147311,0.003846153846153847,0.05753171816468239,0.9932968616485596,False
46500,585.8629150390625,0.07156443519969229,0.0054054054054054074,0.060707490891218185,0.9650101065635681,False
46600,597.8993530273438,0.0530802548304629,0.006410256410256405,0.06687852740287781,0.9773660898208618,False
46700,529.6875610351562,0.05317740585649174,0.0012820512820512831,0.05370956286787987,0.9786115884780884,False
46800,593.0634765625,0.0424137765321611,0.006756756756756762,0.05962659791111946,0.9844842553138733,False
46900,593.8528442382812,0.03942142697875603,0.0,0.06211477518081665,0.9897031784057617,False
47000,571.730712890625,0.0592231618510967,0.0025641025641025606,0.060762885957956314,0.9912269711494446,False
47100,551.2948608398438,0.060991112328906194,0.0025641025641025637,0.06163933128118515,0.981687068939209,False
47200,560.572998046875,0.05688111331016006,0.004054054054054054,0.06460773944854736,0.9447014331817627,False
47300,590.5850830078125,0.061148233286038856,0.0037500000000000007,0.05399811640381813,0.9865005016326904,False
47400,571.293701171875,0.05962743361672942,0.00625,0.06100710853934288,0.9882445931434631,False
47500,583.1531982421875,0.0775677360787478,0.006578947368421052,0.06797768920660019,0.9527166485786438,False
47600,581.8889770507812,0.04917041071074753,0.009999999999999998,0.05981743335723877,0.986160397529602,False
47700,608.1048583984375,0.06882977093080128,0.002702702702702705,0.061742931604385376,0.9852439761161804,False
47800,627.5673217773438,0.04811106231225811,0.00625,0.0625896230340004,0.9878106117248535,False
47900,571.30712890625,0.05197949374600638,0.002777777777777777,0.060931749641895294,0.9901576042175293,False
48000,630.7369995117188,0.06143848028923941,0.0,0.062400467693805695,0.9862287640571594,False
48100,506.5531921386719,0.035229703084490464,0.007142857142857143,0.05684066563844681,0.9866415858268738,False
48200,618.61083984375,0.05843524895574938,0.0,0.063301682472229,0.9896925687789917,False
48300,543.6423950195312,0.07187544084573666,0.007692307692307696,0.062030062079429626,0.9716827273368835,False
48400,558.2281494140625,0.04890698157100594,0.0012820512820512831,0.060192253440618515,0.9811991453170776,False
48500,562.4808959960938,0.037888678127197574,0.0,0.06304921209812164,0.9835251569747925,False
48600,578.8135986328125,0.05939144064536165,0.00641025641025641,0.06173309311270714,0.9911390542984009,False
48700,555.6025390625,0.0629922528165471,0.01153846153846154,0.05462554097175598,0.9853127002716064,False
48800,636.0073852539062,0.05869478074207683,0.0012500000000000011,0.06241598352789879,0.9899862408638,False
48900,514.5423583984375,0.04407544163924531,0.0,0.06169740855693817,0.9727529287338257,False
49000,542.9287109375,0.057744003596461105,0.0038461538461538438,0.055157121270895004,0.9892753958702087,False
49100,559.2793579101562,0.04519049848509728,0.0013513513513513525,0.05759013816714287,0.9841024875640869,False
49200,535.1367797851562,0.06477375547170817,0.010810810810810811,0.06104176118969917,0.991788923740387,False
49300,636.6570434570312,0.054121045975641255,0.003846153846153847,0.05155707150697708,0.9906607866287231,False
49400,509.2025451660156,0.07851520423416739,0.008974358974358977,0.06120781600475311,0.960519552230835,False
49500,574.3179931640625,0.0559638659563356,0.0024999999999999996,0.06200236454606056,0.9389312267303467,False
49600,584.1278686523438,0.05885558146667068,0.003846153846153841,0.05717841163277626,0.9539825320243835,False
49700,531.5223999023438,0.062236971247089524,0.0,0.06355661898851395,0.9701359272003174,False
49800,591.0565185546875,0.057545887001606656,0.0064102564102564135,0.06111554801464081,0.9712862372398376,False
49900,595.8727416992188,0.055712764965582764,0.007894736842105267,0.0606955923140049,0.977440595626831,False
50000,569.2744750976562,0.0774311078276681,0.004054054054054058,0.06360474973917007,0.9719527959823608,False
50100,563.7194213867188,0.05544183998442613,0.00625,0.06001969054341316,0.9774209260940552,False
50200,634.8335571289062,0.06962817527539569,0.007692307692307696,0.05807434394955635,0.9831976890563965,False
50300,653.3809814453125,0.06311033611588908,0.0,0.07123221457004547,0.9946682453155518,False
50400,639.9461669921875,0.0775952807031461,0.005405405405405404,0.06144765019416809,0.9915845990180969,False
50500,606.519775390625,0.055068576702509184,0.0012500000000000011,0.061303019523620605,0.9903119802474976,False
50600,492.2339172363281,0.08037010652704299,0.008974358974358974,0.06058641895651817,0.9787609577178955,False
50700,596.6257934570312,0.06462607353309362,0.0037500000000000033,0.054306212812662125,0.9870234727859497,False
50800,560.5504760742188,0.04654554213335602,0.010810810810810808,0.05499354377388954,0.9812784194946289,False
50900,501.7152099609375,0.060188122916914576,0.003947368421052633,0.056043438613414764,0.9791857004165649,False
51000,597.7061767578125,0.05680809310012382,0.00512820512820513,0.06123901158571243,0.9918928146362305,False
51100,603.6221923828125,0.07590831752001068,0.0,0.05566536635160446,0.9682977199554443,False
51200,528.6563110351562,0.04645533615881071,0.0026315789473684236,0.06821057200431824,0.9888995885848999,False
51300,562.1183471679688,0.06323249348436351,0.010810810810810815,0.053190577775239944,0.9827117323875427,False
51400,536.2196655273438,0.07868587666205684,0.007499999999999998,0.053247153759002686,0.9946196675300598,False
51500,558.3583984375,0.057881216331117445,0.0,0.05830598995089531,0.9873577356338501,False
51600,524.6921997070312,0.04093736675979381,0.006578947368421056,0.0579109713435173,0.9669471979141235,False
51700,453.1038513183594,0.07201473262867662,0.0012820512820512803,0.056014515459537506,0.9842913746833801,False
51800,539.5906372070312,0.05465682897720376,0.007692307692307691,0.0561164952814579,0.9903910160064697,False
51900,574.9025268554688,0.07529164722356277,0.0012500000000000011,0.05951475724577904,0.9880990386009216,False
52000,549.1190185546875,0.041669372221544966,0.0012500000000000011,0.05818560719490051,0.9872336387634277,False
52100,555.2420654296875,0.052414635410025556,0.0026315789473684206,0.056514427065849304,0.9867873191833496,False
52200,586.0076904296875,0.04977120298619664,0.0012820512820512831,0.05745697766542435,0.9736113548278809,False
52300,587.243896484375,0.06299205232282058,0.0,0.05412057414650917,0.9834593534469604,False
52400,606.9306030273438,0.05129225008407566,0.003846153846153847,0.05394076183438301,0.9874476790428162,False
52500,618.2313232421875,0.07830289423385203,0.003846153846153847,0.0507957898080349,0.9872832894325256,False
52600,554.853515625,0.05646500004525114,0.0025641025641025663,0.05536184832453728,0.9657970666885376,False
52700,566.5445556640625,0.06967262378537906,0.00512820512820513,0.06079743057489395,0.9688486456871033,False
52800,550.7469482421875,0.05904103512314794,0.0012500000000000011,0.05984260514378548,0.9855659008026123,False
52900,528.7166748046875,0.06064559196336688,0.0026315789473684236,0.05710073560476303,0.9734538793563843,False
53000,584.7579345703125,0.055713522397408136,0.007692307692307694,0.06910883635282516,0.9836193919181824,False
53100,628.194091796875,0.05977119847404142,0.008749999999999999,0.10168005526065826,0.9837946891784668,False
53200,598.7813110351562,0.06709342394708714,0.009999999999999998,0.07054848223924637,0.97080397605896,False
53300,561.4036254882812,0.07185170866478331,0.0,0.058154087513685226,0.9837366342544556,False
53400,649.8919067382812,0.03933895772871504,0.0012500000000000011,0.06136612594127655,0.9853906631469727,False
53500,690.09716796875,0.07134306446189087,0.0,0.06298337876796722,0.9885284304618835,False
53600,530.244140625,0.05765008281630594,0.0012500000000000011,0.055642396211624146,0.9895614981651306,False
53700,633.6718139648438,0.05923941215841089,0.008749999999999999,0.058511484414339066,0.980709433555603,False
53800,530.9902954101562,0.057286340008502766,0.0012500000000000011,0.05827537551522255,0.9658124446868896,False
53900,695.0294189453125,0.06536362792128916,0.0012500000000000011,0.05542426183819771,0.9778242707252502,False
54000,545.2223510742188,0.060876550459560044,0.0024999999999999996,0.05641495808959007,0.9932965636253357,False
54100,515.4879760742188,0.06708127513317017,0.0,0.071916863322258,0.992132306098938,False
54200,554.974853515625,0.049014651469013806,0.011111111111111112,0.05837193503975868,0.9856903553009033,False
54300,534.97265625,0.05320815423222627,0.003947368421052635,0.0630786344408989,0.9916044473648071,False
54400,586.3588256835938,0.05870111531148604,0.00625,0.06102561578154564,0.9856300354003906,False
54500,535.7549438476562,0.04901995848604812,0.003846153846153847,0.055741578340530396,0.9880070090293884,False
54600,601.9793090820312,0.05202127683833289,0.0013157894736842118,0.05304946377873421,0.9900941848754883,False
54700,510.2757263183594,0.058813115708201844,0.00641025641025641,0.05885697901248932,0.9897370338439941,False
54800,552.7595825195312,0.06174870352499351,0.010256410256410255,0.06342724710702896,0.9764330983161926,False
54900,602.3184204101562,0.06274666497415313,0.0038461538461538494,0.060318976640701294,0.9686360359191895,False
55000,601.4336547851562,0.05685368924607446,0.008749999999999997,0.060635220259428024,0.9863491654396057,False
55100,597.8278198242188,0.05676847134009862,0.0012820512820512831,0.06257497519254684,0.9915703535079956,False
55200,551.71240234375,0.04261410546363872,0.006250000000000003,0.06470265984535217,0.9834761619567871,False
55300,557.4415283203125,0.055381770491057324,0.00675675675675676,0.07552588731050491,0.9661087989807129,False
55400,609.4668579101562,0.07007664831181075,0.0026315789473684236,0.06556373834609985,0.9616748094558716,False
55500,525.1488037109375,0.05551182706961792,0.017499999999999995,0.058024246245622635,0.9751845598220825,False
55600,532.0890502929688,0.055334128817134696,0.004999999999999996,0.05447704717516899,0.9829813241958618,False
55700,505.6881103515625,0.045667858999906295,0.00641025641025641,0.07038988918066025,0.9794332385063171,False
55800,593.8157348632812,0.06226188616367945,0.00625,0.06752271205186844,0.9708894491195679,False
55900,516.7694702148438,0.03882248419396123,0.007894736842105265,0.07439875602722168,0.9702008366584778,False
56000,657.52734375,0.058937187987432846,0.0125,0.07666607201099396,0.9882664680480957,False
56100,678.3165283203125,0.052678751949126815,0.00512820512820513,0.061594441533088684,0.9608831405639648,False
56200,518.865966796875,0.054782001034815585,0.012499999999999999,0.060200173407793045,0.9651979207992554,False
56300,588.421875,0.06276052374563057,0.0025641025641025663,0.06671622395515442,0.9828009605407715,False
56400,602.1145629882812,0.08253051908419276,0.0013157894736842088,0.052716102451086044,0.9731143712997437,False
56500,562.8941650390625,0.07297130942933355,0.005128205128205127,0.05918365344405174,0.9798951148986816,False
56600,615.9745483398438,0.05691722160736212,0.003947368421052633,0.05837380141019821,0.9820815920829773,False
56700,579.1248168945312,0.08718308286556073,0.0025641025641025637,0.06213199347257614,0.9867479801177979,False
56800,589.4635009765625,0.07113895487479063,0.0025641025641025637,0.07025967538356781,0.9832708239555359,False
56900,517.09326171875,0.06819424117450675,0.0037500000000000007,0.06371591240167618,0.9914345145225525,False
57000,680.9310302734375,0.0568708577653298,0.003947368421052629,0.05598502606153488,0.9860040545463562,False
57100,544.73291015625,0.030561346836049347,0.00138888888888889,0.05186023935675621,0.9913110733032227,False
57200,552.0945434570312,0.05902506547089083,0.008108108108108109,0.06637229770421982,0.9760547876358032,False
57300,611.458740234375,0.06291796797904922,0.0012820512820512831,0.05787690728902817,0.990744948387146,False
57400,645.52294921875,0.07447370220245605,0.0012820512820512803,0.06001605466008186,0.9836824536323547,False
57500,615.2875366210938,0.05384485285772966,0.007894736842105265,0.057153064757585526,0.9825654029846191,False
57600,610.071044921875,0.05400670991702368,0.0012500000000000011,0.04983118176460266,0.9882360696792603,False
57700,592.999755859375,0.10009819927355511,0.006578947368421056,0.05548740550875664,0.9837760925292969,False
57800,513.9227905273438,0.05959432897020085,0.0012820512820512831,0.06251715868711472,0.9656757116317749,False
57900,536.828125,0.05611899793630808,0.008750000000000003,0.06868817657232285,0.969865083694458,False
58000,575.6105346679688,0.05605410188329779,0.0,0.05547380819916725,0.9892551898956299,False
58100,512.8989868164062,0.05158273689665991,0.004999999999999996,0.05640003830194473,0.9813966155052185,False
58200,592.712646484375,0.054813812419007193,0.007894736842105262,0.07011619210243225,0.9743154644966125,False
58300,574.7860717773438,0.06952767318030932,0.003947368421052633,0.05115516856312752,0.9897233843803406,False
58400,575.7275390625,0.07053655329695359,0.008108108108108109,0.051109254360198975,0.9857996702194214,False
58500,597.8562622070312,0.07701840636268022,0.007894736842105262,0.06061040237545967,0.9844168424606323,False
58600,551.4664916992188,0.04419421581821915,0.0024999999999999996,0.05711449310183525,0.9806843996047974,False
58700,569.0035400390625,0.0656425264332686,0.007499999999999998,0.05425850301980972,0.9862017631530762,False
58800,522.9800415039062,0.06226061599616119,0.012162162162162161,0.06016964837908745,0.9542765021324158,False
58900,614.8346557617188,0.05613817575925388,0.007894736842105267,0.061755381524562836,0.9874488711357117,False
59000,638.9592895507812,0.04966228350057663,0.0025641025641025663,0.06341077387332916,0.9861352443695068,False
59100,551.10302734375,0.05371115548827846,0.011249999999999996,0.08222802728414536,0.9793894290924072,False
59200,539.037109375,0.062347336641987175,0.0012820512820512831,0.056134182959795,0.9723320603370667,False
59300,476.964599609375,0.05076935226860303,0.0,0.050550512969493866,0.990653395652771,False
59400,781.1590576171875,0.06587617424937947,0.0013157894736842088,0.05356946960091591,0.9956987500190735,False
59500,633.2996826171875,0.05472193577810787,0.007499999999999998,0.0541284903883934,0.9860385656356812,False
59600,638.5007934570312,0.06718087638895509,0.00641025641025641,0.056574929505586624,0.9884074330329895,False
59700,584.8443603515625,0.04679926059705343,0.011250000000000001,0.053877267986536026,0.9879074096679688,False
59800,604.8278198242188,0.047755712621335974,0.006578947368421056,0.0553344264626503,0.9883536696434021,False
59900,571.8880615234375,0.0673457216503622,0.0024999999999999966,0.06287240236997604,0.9636805057525635,False
60000,584.2041625976562,0.07906886326695697,0.0013157894736842118,0.06466417759656906,0.9557040333747864,False
60100,547.0211791992188,0.057637585006647375,0.003947368421052633,0.07573842257261276,0.94246906042099,False
60200,515.9544677734375,0.06262020304416135,0.0012499999999999983,0.06448452174663544,0.9749771356582642,False
60300,589.7925415039062,0.05345075154629937,0.0026315789473684236,0.05709952116012573,0.9759165644645691,False
60400,616.5576171875,0.08425132400321242,0.005128205128205127,0.05668651685118675,0.9875637292861938,False
60500,578.8031005859375,0.05143153081662925,0.0025641025641025637,0.06293962895870209,0.9926857948303223,False
60600,569.846435546875,0.07255278133437423,0.006410256410256407,0.06293456256389618,0.9641653299331665,False
60700,564.3328247070312,0.07297123311288495,0.0013157894736842088,0.05902250483632088,0.9880437254905701,False
60800,511.383056640625,0.03995709698578733,0.009210526315789473,0.06185171380639076,0.9719601273536682,False
60900,534.1214599609375,0.05796042476622617,0.0025641025641025663,0.05728787183761597,0.9776204824447632,False
61000,584.267822265625,0.05089230119252694,0.0013157894736842118,0.05139597877860069,0.978729784488678,False
61100,512.5208740234375,0.05372154157121778,0.010294117647058823,0.06292980909347534,0.9944392442703247,False
61200,609.4134521484375,0.08299040298427034,0.0,0.058857183903455734,0.9700714945793152,False
61300,598.005859375,0.06455741527530921,0.0013513513513513525,0.06324958056211472,0.9690159559249878,False
61400,604.7099609375,0.05288861935815613,0.004054054054054054,0.058490775525569916,0.9831659197807312,False
61500,647.9067993164062,0.07195306082272336,0.008974358974358974,0.05435808375477791,0.9865431785583496,False
61600,562.1268310546875,0.05997400502162662,0.0013157894736842118,0.06274878233671188,0.9614229202270508,False
61700,691.3082275390625,0.05203760549276104,0.008974358974358974,0.06717871874570847,0.9639374613761902,False
61800,542.147705078125,0.049313796279757904,0.009210526315789473,0.056542254984378815,0.9892032146453857,False
61900,625.27294921875,0.053092246413856584,0.0,0.05393025279045105,0.9847261905670166,False
62000,607.103515625,0.08900451948025787,0.0026315789473684175,0.053953927010297775,0.9893523454666138,False
62100,502.2078857421875,0.09278276198859796,0.002777777777777777,0.0604340098798275,0.9790169596672058,False
62200,517.18798828125,0.055593970573241745,0.0,0.05310888588428497,0.9904072284698486,False
62300,545.9332275390625,0.051220150576906716,0.0,0.05967029184103012,0.9908056259155273,False
62400,589.323974609375,0.08970969961076403,0.005000000000000002,0.05998881161212921,0.9935940504074097,False
62500,564.2774658203125,0.04414537582507802,0.0,0.04963899776339531,0.991877555847168,False
62600,542.2966918945312,0.04860130363858969,0.0039473684210526265,0.051953017711639404,0.9877958297729492,False
62700,558.5235595703125,0.054812183665582624,0.012162162162162161,0.05398721620440483,0.9914699792861938,False
62800,515.1924438476562,0.05369365128832826,0.005000000000000002,0.06322109699249268,0.9863311052322388,False
62900,592.8375244140625,0.0589850209937946,0.005128205128205127,0.06218792870640755,0.9845507144927979,False
63000,549.2222900390625,0.058300373348358726,0.0025641025641025637,0.05873769149184227,0.9906540513038635,False
63100,525.311279296875,0.05574184999615405,0.0,0.05795468017458916,0.9827978610992432,False
63200,573.8702392578125,0.06307201855923047,0.0012820512820512831,0.06731569021940231,0.9851784110069275,False
63300,484.99908447265625,0.05675495171131759,0.005263157894736844,0.06556892395019531,0.9846970438957214,False
63400,584.9156494140625,0.06142593740626795,0.0014285714285714299,0.05956689268350601,0.9937978982925415,False
63500,441.3974914550781,0.06565635191448906,0.00277777777777778,0.05212723836302757,0.9854919910430908,False
63600,495.63763427734375,0.06826312980323168,0.0025641025641025637,0.05775456130504608,0.9793837070465088,False
63700,565.591552734375,0.06049484705326401,0.0038461538461538438,0.06294228136539459,0.9589544534683228,False
63800,526.36962890625,0.04754723991427166,0.0,0.04843771085143089,0.9840741753578186,False
63900,554.8583374023438,0.05864722226298872,0.002702702702702705,0.058039553463459015,0.9744269847869873,False
64000,637.328369140625,0.05808426633364776,0.008750000000000004,0.06692945957183838,0.9911336898803711,False
64100,619.3362426757812,0.06567658646521429,0.008108108108108112,0.06359007209539413,0.9871795773506165,False
64200,570.5642700195312,0.04899013397767454,0.0025641025641025637,0.054756321012973785,0.9831024408340454,False
64300,553.8431396484375,0.05465893635232955,0.008974358974358974,0.06039765104651451,0.9825180768966675,False
64400,559.9820556640625,0.05661778348677227,0.002702702702702702,0.05996931344270706,0.987036943435669,False
64500,559.70458984375,0.051963921145596344,0.0,0.04930843412876129,0.9846835136413574,False
64600,554.384033203125,0.0662279952590233,0.008333333333333331,0.05284636840224266,0.9909048080444336,False
64700,736.61083984375,0.04618842630469106,0.0026315789473684175,0.0509948655962944,0.9899044632911682,False
64800,786.9738159179688,0.04980815377528552,0.00625,0.04614759981632233,0.9897842407226562,False
64900,508.3094482421875,0.0742959904841397,0.006578947368421052,0.05476633086800575,0.9916903972625732,False
65000,605.9501953125,0.060424866394970314,0.004054054054054054,0.0552687793970108,0.9888392686843872,False
65100,655.6062622070312,0.06518190136799244,0.0012820512820512831,0.05637533590197563,0.978656530380249,False
65200,484.36004638671875,0.05137018856027955,0.0024999999999999996,0.059879183769226074,0.9865369200706482,False
65300,559.911865234375,0.0692095538529178,0.0,0.05767349526286125,0.9871593713760376,False
65400,606.38134765625,0.04857511722775264,0.0038461538461538438,0.06102012097835541,0.9812267422676086,False
65500,624.0723266601562,0.07073525832295424,0.01625,0.06140579283237457,0.9702941179275513,False
65600,548.9514770507812,0.07178355983262087,0.006578947368421052,0.06516250222921371,0.9737626314163208,False
65700,628.19970703125,0.054547105300331314,0.003947368421052635,0.05521324276924133,0.9895340204238892,False
65800,564.6246948242188,0.0670319840214157,0.0037499999999999977,0.05544878542423248,0.991732656955719,False
65900,571.5110473632812,0.058533370051951326,0.005128205128205127,0.061856459826231,0.9823518395423889,False
66000,563.9833984375,0.05887518721758522,0.0026315789473684206,0.05202839896082878,0.9859806299209595,False
66100,564.0596313476562,0.05531718389207377,0.0,0.060931894928216934,0.9792633056640625,False
66200,553.78955078125,0.06749305979576124,0.0025000000000000022,0.05736350640654564,0.9814247488975525,False
66300,508.31219482421875,0.057759064889520685,0.0,0.05278071016073227,0.9767927527427673,False
66400,523.146728515625,0.05857891904519182,0.0012500000000000011,0.058014366775751114,0.9874018430709839,False
66500,653.2979125976562,0.05563344822786265,0.0012499999999999983,0.04896896705031395,0.9918478727340698,False
66600,606.489501953125,0.0677125845853919,0.0025641025641025637,0.05458618327975273,0.9779077768325806,False
66700,448.31787109375,0.041604862147301455,0.008749999999999999,0.057056862860918045,0.9901113510131836,False
66800,516.8740234375,0.04693932402022464,0.007692307692307691,0.06167799234390259,0.9897527694702148,False
66900,551.9509887695312,0.05566623703101643,0.0026315789473684236,0.05486217886209488,0.9902516603469849,False
67000,590.690185546875,0.0435578837936763,0.01351351351351351,0.05266059562563896,0.9907563924789429,False
67100,608.3486938476562,0.07040250726562644,0.0,0.045708123594522476,0.9855369329452515,False
67200,691.061279296875,0.07895668396586644,0.0024999999999999996,0.06212542578577995,0.9821758270263672,False
67300,598.0118408203125,0.07853610143496725,0.004999999999999999,0.0607612170279026,0.9883810877799988,False
67400,558.4443359375,0.06411383798130546,0.0014285714285714266,0.05990803986787796,0.987371563911438,False
67500,551.913818359375,0.04903599199737443,0.004999999999999999,0.05135330557823181,0.9882770776748657,False
67600,590.1409912109375,0.051618709701320716,0.006578947368421052,0.057805050164461136,0.9926420450210571,False
67700,569.0718994140625,0.053143963264831263,0.008974358974358977,0.057330500334501266,0.9767464399337769,False
67800,587.1531982421875,0.09815828467247074,0.007692307692307691,0.057347867637872696,0.9707101583480835,False
67900,518.9541625976562,0.07063533449291368,0.003947368421052629,0.05468012019991875,0.9914966821670532,False
68000,591.0020751953125,0.072172635925177,0.0,0.057480573654174805,0.9838468432426453,False
68100,747.1300048828125,0.07135126438472332,0.005128205128205127,0.06873158365488052,0.9938318133354187,False
68200,644.1527709960938,0.04769059953344707,0.0013157894736842088,0.056600868701934814,0.9863715767860413,False
68300,613.9513549804688,0.05435134614479782,0.006756756756756757,0.06346859037876129,0.990639328956604,False
68400,536.3349609375,0.07458524806092011,0.00625,0.06381240487098694,0.986555814743042,False
68500,567.90966796875,0.05314340860791901,0.0,0.06064986810088158,0.9851842522621155,False
68600,554.2701416015625,0.07832711172088085,0.0012500000000000011,0.056985147297382355,0.978330671787262,False
68700,566.436767578125,0.050964662762717626,0.003947368421052635,0.052069492638111115,0.9784348607063293,False
68800,572.9382934570312,0.07029988528612542,0.010000000000000004,0.06390590965747833,0.9621504545211792,False
68900,527.055419921875,0.04068528078076026,0.004054054054054049,0.05971980467438698,0.9719539880752563,False
69000,529.2877197265625,0.04834646324210543,0.005128205128205127,0.05902078375220299,0.985041618347168,False
69100,527.3453369140625,0.05724396095765514,0.0,0.05905230715870857,0.9699153900146484,False
69200,518.2109375,0.055024570963920515,0.0012820512820512831,0.04863961786031723,0.9913569092750549,False
69300,515.3461303710938,0.04730259924492698,0.0012499999999999983,0.05758988484740257,0.995680570602417,False
69400,632.47509765625,0.0716177942002389,0.0013157894736842118,0.06357888877391815,0.9735507369041443,False
69500,550.1878662109375,0.049953638952647726,0.0012820512820512831,0.06066041812300682,0.9873203039169312,False
69600,510.61199951171875,0.04654864239705392,0.0037499999999999977,0.052441664040088654,0.9917973279953003,False
69700,549.3526611328125,0.05795088758763915,0.0,0.05854799225926399,0.9837228059768677,False
69800,511.896728515625,0.04214065412429313,0.00416666666666667,0.062279216945171356,0.9907617568969727,False
69900,522.9410400390625,0.07167158632531251,0.00512820512820513,0.056260764598846436,0.9853136539459229,False
70000,589.6856689453125,0.047692377988354406,0.0075000000000000015,0.06096696853637695,0.9891723394393921,False
70100,555.3320922851562,0.05638161679834592,0.003947368421052629,0.06094667688012123,0.972262978553772,False
70200,591.4487915039062,0.06910294915018159,0.003947368421052633,0.050958000123500824,0.9882785677909851,False
70300,637.157958984375,0.054520946578439575,0.0,0.05247636139392853,0.9908826351165771,False
70400,526.0375366210938,0.07121067698076941,0.0024999999999999966,0.04997389391064644,0.9785463809967041,False
70500,539.38427734375,0.05342328656722487,0.0013157894736842118,0.054472025483846664,0.9872452616691589,False
70600,570.57421875,0.050745742126493486,0.005405405405405404,0.05908883363008499,0.9814417958259583,False
70700,618.004638671875,0.051176759229968415,0.002702702702702705,0.052110545337200165,0.984531044960022,False
70800,628.5582885742188,0.04071055904311717,0.006410256410256407,0.049619145691394806,0.9901902675628662,False
70900,687.9749145507812,0.051929322548958545,0.0013157894736842088,0.058446142822504044,0.9908499717712402,False
71000,622.4192504882812,0.06849355246422154,0.0025641025641025663,0.05414881184697151,0.9917144775390625,False
71100,508.68133544921875,0.07594515616476852,0.0037500000000000007,0.054958779364824295,0.988409698009491,False
71200,574.73193359375,0.07943053708741579,0.005128205128205127,0.05926123261451721,0.9680590033531189,False
71300,646.0885009765625,0.07007685455248121,0.0013157894736842118,0.05645336955785751,0.9856981635093689,False
71400,518.8944091796875,0.06061319565189971,0.008974358974358974,0.051203083246946335,0.9799819588661194,False
71500,739.6851806640625,0.05004153785353545,0.009459459459459458,0.06403490900993347,0.9870271682739258,False
71600,507.83343505859375,0.055519473372293696,0.0,0.06108104810118675,0.9835311770439148,False
71700,641.09619140625,0.06359182712634312,0.0,0.05118878558278084,0.988353431224823,False
71800,660.668212890625,0.0601725364759044,0.0012820512820512803,0.05264226347208023,0.9902210235595703,False
71900,498.89105224609375,0.05602084923109856,0.004285714285714283,0.05447530373930931,0.9863314628601074,False
72000,519.192138671875,0.06978360464630821,0.005263157894736838,0.051491014659404755,0.9854247570037842,False
72100,447.5541076660156,0.06263401229387171,0.0025641025641025637,0.05411207303404808,0.9838756322860718,False
72200,532.50146484375,0.07213355103907668,0.0026315789473684236,0.056035131216049194,0.9736447334289551,False
72300,576.716796875,0.07039241766057468,0.0069444444444444415,0.05753317475318909,0.9827756881713867,False
72400,654.2182006835938,0.06465057723926049,0.005128205128205127,0.05300252512097359,0.9902952909469604,False
72500,510.3044128417969,0.06402933881352621,0.0,0.06340581178665161,0.97032231092453,False
72600,535.031494140625,0.060376920847089385,0.011111111111111112,0.051796041429042816,0.9720325469970703,False
72700,647.0455932617188,0.04885071980135003,0.010294117647058827,0.06050223112106323,0.9902945756912231,False
72800,643.7986450195312,0.05719184131989965,0.0,0.050488945096731186,0.9884089231491089,False
72900,581.2657470703125,0.06490025202145776,0.00641025641025641,0.05301372706890106,0.9842618107795715,False
73000,677.7320556640625,0.05148434697014004,0.0013513513513513495,0.06215844675898552,0.9915769100189209,False
73100,569.4354248046875,0.0548662245648361,0.005263157894736847,0.05235045775771141,0.9862267374992371,False
73200,655.9804077148438,0.07279164228105241,0.014102564102564106,0.05200275406241417,0.9767366051673889,False
73300,564.4641723632812,0.04622997695354906,0.0,0.05904768034815788,0.9884081482887268,False
73400,678.5896606445312,0.0432320893703045,0.003947368421052635,0.08322323113679886,0.9909442067146301,False
73500,631.5985107421875,0.0565777876276488,0.005000000000000002,0.07047126442193985,0.9871834516525269,False
73600,658.4887084960938,0.07893369172502222,0.0,0.06743582338094711,0.9943456649780273,False
73700,589.3779907226562,0.041323148241279785,0.0013157894736842088,0.06959398835897446,0.9846322536468506,False
73800,533.170654296875,0.04089429874324003,0.0075000000000000015,0.058508798480033875,0.979849100112915,False
73900,564.560302734375,0.05226920979368623,0.007894736842105262,0.06139153242111206,0.9648805260658264,False
74000,653.30322265625,0.046399632220917544,0.0,0.055440112948417664,0.9884975552558899,False
74100,553.2167358398438,0.058780573600970096,0.0025641025641025606,0.06294773519039154,0.9709459543228149,False
74200,486.1707458496094,0.07206019716450762,0.0024999999999999996,0.05868908017873764,0.991286039352417,False
74300,556.918212890625,0.04898924147390128,0.0025641025641025637,0.05672535300254822,0.9733518362045288,False
74400,641.6160888671875,0.05491857830240637,0.005714285714285716,0.05383296310901642,0.9842969179153442,False
74500,588.08154296875,0.08015741305589257,0.0064102564102564135,0.053694386035203934,0.9837979078292847,False
74600,535.7076416015625,0.08746428990604341,0.003947368421052635,0.05273226276040077,0.9851114749908447,False
74700,531.732177734375,0.04561180159313405,0.0025641025641025637,0.053046226501464844,0.9832693934440613,False
74800,532.5232543945312,0.04939447966153067,0.0012820512820512831,0.060441259294748306,0.9768094420433044,False
74900,576.5922241210938,0.05191836010747021,0.002702702702702699,0.05240321904420853,0.9791200160980225,False
75000,539.2468872070312,0.05676044530863512,0.007894736842105258,0.06867508590221405,0.9826407432556152,False
75100,586.2052001953125,0.04900305678274065,0.012820512820512824,0.06492543965578079,0.9813706278800964,False
75200,512.05615234375,0.034131045771828704,0.0012499999999999983,0.06234940513968468,0.9827807545661926,False
75300,615.2874145507812,0.05014692705659972,0.0,0.055463291704654694,0.9774794578552246,False
75400,592.3493041992188,0.05143537917035614,0.002702702702702705,0.05111465975642204,0.9861755967140198,False
75500,544.8219604492188,0.05349311420457834,0.0,0.05888840928673744,0.9925148487091064,False
75600,539.6845092773438,0.07553301845695867,0.0012820512820512831,0.04929693415760994,0.9884568452835083,False
75700,680.5860595703125,0.055126970166429,0.0037500000000000007,0.04963270202279091,0.9892369508743286,False
75800,543.9906005859375,0.05648879405845954,0.012500000000000002,0.05483686923980713,0.9866728782653809,False
75900,517.8551025390625,0.08335293523441133,0.0012820512820512831,0.05024043098092079,0.9854899048805237,False
76000,648.5064697265625,0.07486680712940603,0.0012500000000000011,0.04473826289176941,0.9870343804359436,False
76100,633.7211303710938,0.08223426048426985,0.0014285714285714299,0.05976000800728798,0.979663074016571,False
76200,492.6344299316406,0.0380814234008166,0.0025641025641025663,0.06772490590810776,0.9762353301048279,False
76300,585.1630249023438,0.057917182828399014,0.008108108108108112,0.062414392828941345,0.9744395017623901,False
76400,645.4881591796875,0.04855967214284233,0.0037500000000000007,0.055849578231573105,0.9861658811569214,False
76500,595.48095703125,0.06931568075402682,0.003947368421052633,0.05170278996229172,0.9878970384597778,False
76600,531.2839965820312,0.06351797153871648,0.0012500000000000011,0.05416403338313103,0.9804171323776245,False
76700,520.4105224609375,0.04890984463223813,0.0024999999999999996,0.05879697948694229,0.9872109889984131,False
76800,566.45361328125,0.043676035716549336,0.00138888888888889,0.055563293397426605,0.9791887402534485,False
76900,517.8113403320312,0.04818139662377722,0.0026315789473684236,0.057015128433704376,0.9800990223884583,False
77000,604.983154296875,0.052826976629605824,0.0012820512820512831,0.060656044632196426,0.9843528866767883,False
77100,645.3571166992188,0.04644147529682838,0.005405405405405404,0.07317456603050232,0.9781986474990845,False
77200,602.5131225585938,0.050927787212402244,0.010294117647058827,0.05690334364771843,0.9851137399673462,False
77300,674.10498046875,0.08177149490324685,0.0012820512820512831,0.05293833464384079,0.9930204153060913,False
77400,543.8800048828125,0.07360273483302476,0.0026315789473684206,0.04837735742330551,0.9912755489349365,False
77500,504.62481689453125,0.08060157475486128,0.00277777777777778,0.049104638397693634,0.9857170581817627,False
77600,632.5601806640625,0.06104315758968033,0.0037500000000000007,0.05878308787941933,0.9858608841896057,False
77700,636.1155395507812,0.054865177328846125,0.0037500000000000007,0.05356245115399361,0.9808511734008789,False
77800,520.3291625976562,0.05699950779990336,0.0013157894736842118,0.049988649785518646,0.9846128821372986,False
77900,634.5939331054688,0.0588139214319342,0.008974358974358974,0.059975285083055496,0.9864835143089294,False
78000,518.9561767578125,0.05067936272161737,0.0012499999999999983,0.0609409399330616,0.9887148141860962,False
78100,674.9736328125,0.042778601349912314,0.0025641025641025663,0.05153942480683327,0.9842696785926819,False
78200,552.4385375976562,0.06902990427196906,0.002702702702702702,0.05382462590932846,0.986355721950531,False
78300,562.3142700195312,0.0629682697046775,0.0037500000000000007,0.05257150158286095,0.9863098859786987,False
78400,587.7005615234375,0.06349772655355365,0.005128205128205127,0.05120427906513214,0.9873050451278687,False
78500,622.43212890625,0.06656847790776704,0.008108108108108109,0.05174523591995239,0.9756751656532288,False
78600,619.2315673828125,0.05389286574957109,0.002777777777777777,0.051749784499406815,0.9834631085395813,False
78700,615.5843505859375,0.05065824606571426,0.0,0.050992850214242935,0.9865996837615967,False
78800,565.6973876953125,0.05539495684617823,0.0038461538461538438,0.06070913001894951,0.9835261106491089,False
78900,630.439697265625,0.05468677280955212,0.0,0.05358637869358063,0.9942755699157715,False
79000,585.9761352539062,0.061579306656604306,0.011538461538461537,0.05400319769978523,0.9843689203262329,False
79100,573.8413696289062,0.05936451218350343,0.0037500000000000007,0.05784866213798523,0.9769598841667175,False
79200,559.0635986328125,0.053592726444686975,0.0025641025641025663,0.05907765030860901,0.9774423241615295,False
79300,551.42919921875,0.06341779608659061,0.01282051282051282,0.07349532097578049,0.9799211025238037,False
79400,650.1513061523438,0.055462428808846886,0.0012499999999999983,0.06341848522424698,0.9883078336715698,False
79500,616.7803955078125,0.05236966991097743,0.0026315789473684236,0.058475904166698456,0.9784836173057556,False
79600,569.7806396484375,0.0693399952762879,0.0,0.05555926635861397,0.9824331402778625,False
79700,515.6357421875,0.04684236965181212,0.002702702702702702,0.06663381308317184,0.9752916097640991,False
79800,550.5406494140625,0.04970506915722572,0.0026315789473684236,0.07619953155517578,0.9890440702438354,False
79900,654.4462890625,0.05463565845388306,0.00675675675675676,0.05051468312740326,0.988216757774353,False
80000,508.0917663574219,0.04366090690901484,0.004999999999999999,0.0632500946521759,0.9757529497146606,False
80100,576.7898559570312,0.07928901695463113,0.0026315789473684206,0.0544719398021698,0.9840674996376038,False
80200,618.8631591796875,0.046677223199019055,0.0025641025641025637,0.05099206045269966,0.9873968362808228,False
80300,702.8258666992188,0.06865514502926269,0.007692307692307694,0.051004376262426376,0.9899468421936035,False
80400,594.58837890625,0.05245315821497268,0.0026315789473684206,0.05346959829330444,0.9915915727615356,False
80500,502.13104248046875,0.041467214692134345,0.0054054054054054074,0.05267637223005295,0.9845238924026489,False
80600,559.1124267578125,0.060484091624061875,0.005263157894736844,0.06717792898416519,0.9846436977386475,False
80700,753.3021240234375,0.05446546858665504,0.006410256410256407,0.0508364774286747,0.990493655204773,False
80800,592.2401733398438,0.05812490291725934,0.0012499999999999983,0.05743361636996269,0.9753015637397766,False
80900,626.3031616210938,0.06984594133729366,0.0037499999999999977,0.06113950535655022,0.9778838157653809,False
81000,576.075927734375,0.07738671169497871,0.005128205128205127,0.05613936111330986,0.9817277193069458,False
81100,503.349365234375,0.07781107659633502,0.005263157894736844,0.058927152305841446,0.9858942627906799,False
81200,546.9177856445312,0.06872753237031412,0.008974358974358974,0.05627352371811867,0.9766658544540405,False
81300,565.7535400390625,0.06497782219285456,0.004999999999999999,0.056977707892656326,0.9818903207778931,False
81400,569.0621337890625,0.08578929874683101,0.00657894736842105,0.04573367163538933,0.9895343780517578,False
81500,532.5507202148438,0.07061615942894414,0.008749999999999997,0.050101276487112045,0.9876817464828491,False
81600,496.07421875,0.05758319257035902,0.002702702702702702,0.04961453378200531,0.9849785566329956,False
81700,497.935302734375,0.0614417813017443,0.0,0.05686328560113907,0.9706960320472717,False
81800,546.0177001953125,0.037778840388158534,0.00555555555555556,0.04851130396127701,0.9859234094619751,False
81900,513.1353149414062,0.05658701871520039,0.0025641025641025637,0.05157836154103279,0.9837271571159363,False
82000,723.9383544921875,0.05330623119608837,0.0,0.059506792575120926,0.9856691956520081,False
82100,506.88446044921875,0.04417892037095726,0.0024999999999999996,0.058602094650268555,0.9690571427345276,False
82200,532.0146484375,0.08131981935321315,0.0025641025641025606,0.050727296620607376,0.986767053604126,False
82300,502.4833679199219,0.0350003621036824,0.0,0.05431024357676506,0.9720610976219177,False
82400,571.1807250976562,0.05816445853451161,0.007499999999999995,0.06534219533205032,0.9972444772720337,False
82500,666.925048828125,0.04603010150684137,0.0,0.06578346341848373,0.9937382936477661,False
82600,503.2470397949219,0.05756121431814563,0.005405405405405404,0.049034710973501205,0.987993597984314,False
82700,514.6474609375,0.04788849096116827,0.003947368421052633,0.05522546172142029,0.9785160422325134,False
82800,594.8941650390625,0.061319018536086664,0.0,0.05352909117937088,0.9851443767547607,False
82900,644.7384033203125,0.05574345849678773,0.0,0.05809476226568222,0.9805704355239868,False
83000,544.822265625,0.061059248972166316,0.010526315789473687,0.044111620634794235,0.9831119179725647,False
83100,533.9456176757812,0.048275018706492714,0.0013513513513513495,0.05862238630652428,0.9802805185317993,False
83200,550.341796875,0.03325511066745281,0.0038461538461538438,0.05286436155438423,0.9811524152755737,False
83300,538.4525146484375,0.06367084465360116,0.004999999999999999,0.04639597237110138,0.9785046577453613,False
83400,649.960205078125,0.08146635668128348,0.01486486486486486,0.054292041808366776,0.9811827540397644,False
83500,582.4908447265625,0.06155506318191342,0.022368421052631583,0.06508419662714005,0.9928021430969238,False
83600,519.7943725585938,0.062025551444930514,0.004999999999999999,0.05808791145682335,0.9788873195648193,False
83700,528.2493286132812,0.05296075855739239,0.0013157894736842118,0.051273856312036514,0.993219256401062,False
83800,523.3038940429688,0.07065739316614858,0.003947368421052629,0.05969969183206558,0.9722642302513123,False
83900,591.4830322265625,0.0719208316816938,0.003846153846153847,0.052280887961387634,0.9790694713592529,False
84000,512.4955444335938,0.05538551214363724,0.0037500000000000007,0.05444621667265892,0.9909208416938782,False
84100,624.14404296875,0.05413936930258771,0.00921052631578947,0.05375044792890549,0.9869729280471802,False
84200,574.4833374023438,0.08069542595475096,0.0,0.054960623383522034,0.9802053570747375,False
84300,571.0086059570312,0.054782070806137596,0.005263157894736844,0.04994082823395729,0.9784747958183289,False
84400,567.3187255859375,0.06063950949861278,0.0013157894736842118,0.06473059207201004,0.9802610278129578,False
84500,603.587158203125,0.04151138810939634,0.00641025641025641,0.05406680330634117,0.9723825454711914,False
84600,649.9708862304688,0.05645146728866361,0.0012820512820512803,0.05462187901139259,0.9825726747512817,False
84700,509.8439636230469,0.04837187173992444,0.0069444444444444415,0.05505148321390152,0.9765563011169434,False
84800,536.8983154296875,0.03610214160667716,0.00416666666666667,0.053240858018398285,0.9804713726043701,False
84900,534.779541015625,0.05394159213859033,0.0013513513513513525,0.06695162504911423,0.9749809503555298,False
85000,616.818603515625,0.08575930123351576,0.0,0.049174293875694275,0.9807289242744446,False
85100,555.9805908203125,0.05719072620016748,0.002702702702702705,0.049319956451654434,0.9805626273155212,False
85200,491.4290466308594,0.05448368914502499,0.004054054054054058,0.05231870710849762,0.9773724675178528,False
85300,570.2349243164062,0.0713544797329637,0.006249999999999997,0.0645771250128746,0.9748777747154236,False
85400,644.6190185546875,0.06643172603907843,0.0037500000000000033,0.05807211622595787,0.9817514419555664,False
85500,596.5673828125,0.0658611222809253,0.0013157894736842118,0.06418600678443909,0.9756133556365967,False
85600,611.7957153320312,0.04642277916418807,0.010256410256410256,0.058557797223329544,0.9795190095901489,False
85700,577.4534912109375,0.06663478766205717,0.0,0.06235376000404358,0.9800862073898315,False
85800,609.659912109375,0.03612431075808869,0.0,0.057304076850414276,0.9769473671913147,False
85900,599.508544921875,0.05960956354968803,0.004054054054054054,0.050693415105342865,0.9825690984725952,False
86000,540.7906494140625,0.04793025214692371,0.0025641025641025606,0.05920516699552536,0.9809173345565796,False
86100,575.48974609375,0.058177305039264625,0.005128205128205124,0.05613144859671593,0.977324903011322,False
86200,587.6041870117188,0.08335214975749691,0.0064102564102564135,0.053594235330820084,0.9897397756576538,False
86300,470.3895263671875,0.051853757821990976,0.0,0.06203392520546913,0.9858990907669067,False
86400,612.0091552734375,0.09426077140079306,0.003947368421052629,0.05178724229335785,0.9798707962036133,False
86500,578.2557373046875,0.04850862690410982,0.006756756756756754,0.05838308855891228,0.9878008365631104,False
86600,505.08380126953125,0.05078435702521192,0.014864864864864866,0.052310243248939514,0.9851051568984985,False
86700,557.0169067382812,0.04858226442194628,0.0024999999999999966,0.0540592335164547,0.9817895889282227,False
86800,586.373046875,0.049394658212463693,0.005128205128205127,0.06078926846385002,0.985671877861023,False
86900,608.1387939453125,0.06454653958872668,0.0013157894736842088,0.057535719126462936,0.9892383813858032,False
87000,611.75244140625,0.04992216297609539,0.010526315789473684,0.05897514894604683,0.9824906587600708,False
87100,717.389892578125,0.06491094570129903,0.007812500000000003,0.053981855511665344,0.9783210158348083,False
87200,618.2657470703125,0.054735699032696525,0.01842105263157895,0.06180853396654129,0.9746872782707214,False
87300,708.25830078125,0.06966243208189854,0.005128205128205127,0.05118536949157715,0.9846845269203186,False
87400,630.1876220703125,0.045425798276545706,0.00512820512820513,0.04474005475640297,0.9838544726371765,False
87500,774.4523315429688,0.0624628730163902,0.0,0.05264778807759285,0.9856448173522949,False
87600,508.40679931640625,0.06026585616822441,0.0,0.06341160833835602,0.9851688742637634,False
87700,498.0419616699219,0.05423158322793581,0.010810810810810806,0.05404344201087952,0.9836125373840332,False
87800,549.5460815429688,0.055774962597031304,0.0026315789473684236,0.05379045382142067,0.9851809740066528,False
87900,581.7716674804688,0.06557813064814488,0.0054054054054054074,0.06203611195087433,0.9771325588226318,False
88000,584.64990234375,0.05997890886920594,0.0024999999999999966,0.06081695482134819,0.9778115749359131,False
88100,539.5873413085938,0.04813375430262621,0.0025641025641025637,0.05980466678738594,0.9816346764564514,False
88200,531.169677734375,0.06510808187794384,0.0037500000000000007,0.06805533915758133,0.9915323853492737,False
88300,709.6070556640625,0.0610691235091265,0.0012820512820512831,0.06427585333585739,0.9895427823066711,False
88400,581.87646484375,0.060423125871269336,0.0012820512820512831,0.0534101277589798,0.9839533567428589,False
88500,495.878662109375,0.057575460224151644,0.007894736842105265,0.05537400767207146,0.9851940870285034,False
88600,501.247802734375,0.0679269183584823,0.007692307692307694,0.0602848082780838,0.9864946603775024,False
88700,547.1652221679688,0.06840850425286092,0.014473684210526317,0.06237463280558586,0.9848587512969971,False
88800,497.86236572265625,0.057990790055522566,0.0,0.06580042093992233,0.9788987040519714,False
88900,620.79638671875,0.06162926241504472,0.0026315789473684206,0.06501147150993347,0.9791226983070374,False
89000,530.876953125,0.05530203761836071,0.0025000000000000022,0.06725040078163147,0.9784724712371826,False
89100,569.6670532226562,0.06169644998583364,0.0026315789473684206,0.05851936340332031,0.9883974194526672,False
89200,572.1822509765625,0.0421186525541824,0.0025641025641025606,0.05757284536957741,0.983925461769104,False
89300,584.4141845703125,0.07004616081172763,0.0012820512820512831,0.057605136185884476,0.9836466908454895,False
89400,506.18426513671875,0.05600463994708756,0.0,0.0649457797408104,0.9832899570465088,False
89500,578.6273803710938,0.04967370541321661,0.007692307692307691,0.06160411238670349,0.9738384485244751,False
89600,612.1632690429688,0.05238268336780155,0.003846153846153847,0.05516775697469711,0.9693018198013306,False
89700,592.4256591796875,0.04987857709665177,0.0,0.059164900332689285,0.9906570315361023,False
89800,509.898681640625,0.04642823513345532,0.005263157894736841,0.0701303705573082,0.9757946729660034,False
89900,552.1677856445312,0.06803029473573467,0.008749999999999994,0.05265561491250992,0.9767652750015259,False
90000,550.6920776367188,0.052242627953927874,0.012162162162162165,0.05015459656715393,0.9898114204406738,False
90100,538.6701049804688,0.07473839100693822,0.004054054054054058,0.060181744396686554,0.9736202359199524,False
90200,616.3272705078125,0.06460707020999654,0.006410256410256407,0.06165362149477005,0.9782679080963135,False
90300,532.1804809570312,0.05085099009368501,0.0026315789473684206,0.047421712428331375,0.9816206097602844,False
90400,670.7517700195312,0.04246103829443043,0.012162162162162166,0.06691572815179825,0.9929957389831543,False
90500,574.8890380859375,0.0476819437226165,0.0026315789473684206,0.058173250406980515,0.9768238663673401,False
90600,686.6818237304688,0.07684730663956775,0.0054054054054054074,0.05194971710443497,0.9752349853515625,False
90700,505.0157470703125,0.049124377491231185,0.005000000000000002,0.057790592312812805,0.9723142385482788,False
90800,621.396728515625,0.044181737538001545,0.0012820512820512831,0.05575893074274063,0.9837660789489746,False
90900,529.3491821289062,0.09320069234718856,0.011538461538461534,0.05876674875617027,0.9829795360565186,False
91000,617.579833984375,0.06384585272953433,0.0037500000000000007,0.04711635038256645,0.9683474898338318,False
